acc,congruency,response_time,subject_nr
75,neutral,1988,0
80,neutral,1060,0
83.33333333,neutral,890,0
85.71428571,inc,692,0
87.5,neutral,1155,0
88.88888889,inc,581,0
90,inc,586,0
90.90909091,con,723,0
91.66666667,inc,669,0
92.30769231,neutral,631,0
92.85714286,con,420,0
93.33333333,neutral,546,0
93.75,con,337,0
88.23529412,inc,724,0
88.88888889,con,586,0
89.47368421,inc,633,0
90,con,475,0
90.47619048,neutral,706,0
90.90909091,con,610,0
91.30434783,inc,540,0
91.66666667,neutral,711,0
92,con,959,0
92.30769231,inc,847,0
92.59259259,con,631,0
92.85714286,inc,643,0
93.10344828,con,368,0
93.33333333,neutral,358,0
90.32258065,neutral,503,0
90.625,con,537,0
90.90909091,inc,720,0
91.17647059,inc,562,0
91.42857143,con,633,0
91.66666667,neutral,659,0
91.89189189,neutral,529,0
92.10526316,con,608,0
92.30769231,inc,442,0
92.68292683,con,672,0
92.85714286,con,509,0
93.02325581,con,521,0
93.18181818,con,528,0
93.33333333,neutral,338,0
91.30434783,con,470,0
89.36170213,con,612,0
89.58333333,neutral,538,0
89.79591837,con,519,0
90,con,561,0
90.19607843,con,606,0
90.38461538,con,557,0
90.56603774,con,661,0
90.74074074,con,479,0
89.09090909,con,649,0
89.28571429,neutral,626,0
89.47368421,con,590,0
89.65517241,inc,388,0
89.83050847,inc,677,0
90,con,593,0
90.16393443,con,662,0
90.32258065,con,582,0
90.47619048,con,526,0
90.625,con,505,0
90.76923077,neutral,566,0
90.90909091,con,525,0
91.04477612,inc,668,0
91.17647059,con,495,0
91.30434783,con,684,0
91.42857143,con,594,0
91.54929577,con,651,0
91.66666667,con,585,0
91.78082192,con,588,0
91.89189189,con,683,0
92,con,573,0
92.10526316,con,490,0
92.20779221,con,538,0
92.30769231,con,536,0
92.40506329,con,437,0
92.5,neutral,671,0
92.59259259,con,557,0
92.68292683,con,502,0
92.77108434,con,538,0
92.85714286,con,594,0
92.94117647,con,801,0
93.02325581,con,600,0
93.10344828,con,588,0
93.18181818,con,1335,0
93.25842697,con,538,0
93.33333333,con,533,0
93.40659341,con,644,0
93.47826087,con,524,0
93.5483871,neutral,568,0
93.61702128,con,654,0
93.68421053,con,566,0
93.75,con,537,0
93.81443299,con,350,0
93.87755102,con,532,0
93.93939394,con,440,0
94,con,490,0
94.05940594,con,555,0
93.1372549,con,455,0
93.2038835,con,725,0
93.26923077,con,575,0
93.33333333,inc,1442,0
93.39622642,con,698,0
93.45794393,con,575,0
93.51851852,con,522,0
93.57798165,neutral,889,0
93.63636364,con,581,0
93.69369369,con,522,0
93.75,con,561,0
93.80530973,con,688,0
93.85964912,con,493,0
93.91304348,con,525,0
93.96551724,inc,549,0
94.01709402,con,625,0
93.22033898,con,590,0
93.27731092,inc,455,0
93.33333333,con,600,0
93.38842975,inc,782,0
93.44262295,inc,503,0
93.49593496,con,789,0
93.5483871,neutral,581,0
93.6,con,635,0
93.65079365,con,820,0
93.7007874,con,670,0
93.75,neutral,538,0
93.02325581,con,663,0
93.07692308,neutral,734,0
93.12977099,con,700,0
93.18181818,con,740,0
92.48120301,inc,820,0
91.79104478,con,785,0
91.85185185,con,643,0
91.91176471,con,648,0
91.97080292,con,617,0
92.02898551,con,630,0
92.08633094,con,611,0
92.14285714,inc,801,0
92.19858156,neutral,672,0
92.25352113,con,81,0
92.30769231,inc,1021,0
92.36111111,con,643,0
92.4137931,con,520,0
92.46575342,con,716,0
92.5170068,con,658,0
92.56756757,con,833,0
92.61744966,con,487,0
92.66666667,con,525,0
92.71523179,con,649,0
92.76315789,con,578,0
92.81045752,con,639,0
92.85714286,con,1103,0
92.90322581,neutral,836,0
92.94871795,con,647,0
92.99363057,con,972,0
93.03797468,con,822,0
93.08176101,con,702,0
92.5,inc,897,0
92.59259259,inc,842,0
92.63803681,inc,658,0
92.07317073,con,513,0
92.12121212,inc,788,0
92.1686747,neutral,518,0
92.21556886,inc,534,0
92.26190476,inc,521,0
92.30769231,inc,831,0
92.35294118,inc,708,0
92.39766082,inc,738,0
92.44186047,inc,693,0
92.48554913,inc,574,0
92.52873563,inc,579,0
92.57142857,inc,993,0
92.61363636,inc,700,0
92.65536723,inc,525,0
92.69662921,inc,636,0
92.73743017,inc,665,0
92.22222222,inc,1047,0
92.26519337,inc,633,0
92.30769231,con,595,0
92.34972678,inc,462,0
92.39130435,inc,553,0
92.43243243,neutral,558,0
92.47311828,inc,505,0
92.51336898,inc,691,0
92.55319149,inc,870,0
92.59259259,inc,582,0
92.63157895,inc,586,0
92.67015707,inc,655,0
92.70833333,inc,639,0
92.74611399,inc,644,0
92.26804124,inc,499,0
92.30769231,inc,1296,0
92.34693878,inc,455,0
92.3857868,inc,533,0
92.42424242,inc,759,0
92.46231156,inc,594,0
92.5,inc,741,0
92.53731343,inc,582,0
92.57425743,inc,710,0
92.1182266,inc,476,0
92.15686275,inc,839,0
92.19512195,inc,731,0
92.23300971,inc,649,0
92.2705314,inc,686,0
92.30769231,inc,559,0
92.34449761,inc,845,0
92.38095238,con,550,0
92.41706161,neutral,617,0
92.45283019,inc,562,0
92.48826291,con,708,0
92.52336449,inc,874,0
92.55813953,con,602,0
92.59259259,inc,1582,0
92.62672811,inc,624,0
92.66055046,inc,557,0
92.23744292,inc,529,0
92.27272727,inc,635,0
92.30769231,inc,459,0
92.34234234,inc,604,0
92.37668161,neutral,553,0
92.41071429,inc,691,0
92.44444444,inc,479,0
92.47787611,con,546,0
92.51101322,con,505,0
92.54385965,neutral,466,0
92.57641921,inc,593,0
92.60869565,inc,714,0
92.64069264,neutral,523,0
92.67241379,inc,1224,0
92.70386266,inc,497,0
92.73504274,neutral,581,0
92.76595745,neutral,386,0
92.79661017,inc,839,0
92.82700422,inc,432,0
92.85714286,inc,789,0
92.88702929,inc,510,0
92.5,inc,669,0
92.11618257,inc,568,0
92.14876033,inc,802,0
92.18106996,inc,533,0
92.21311475,inc,477,0
92.24489796,inc,1071,0
92.27642276,con,819,0
92.30769231,con,785,0
92.33870968,con,521,0
92.36947791,inc,955,0
92.4,inc,720,0
92.43027888,con,455,0
92.46031746,inc,462,0
92.49011858,inc,473,0
92.51968504,con,508,0
92.54901961,inc,656,0
92.1875,inc,688,0
92.21789883,inc,1099,0
92.24806202,inc,535,0
92.27799228,inc,917,0
92.30769231,inc,613,0
92.33716475,inc,506,0
92.36641221,neutral,1098,0
92.39543726,inc,670,0
92.42424242,inc,660,0
92.45283019,inc,1034,0
92.48120301,inc,590,0
92.5093633,inc,592,0
92.53731343,inc,546,0
92.56505576,inc,780,0
92.59259259,inc,659,0
92.6199262,neutral,516,0
92.64705882,inc,547,0
92.67399267,inc,650,0
92.70072993,neutral,950,0
92.72727273,inc,701,0
92.75362319,inc,635,0
92.77978339,inc,809,0
92.8057554,inc,748,0
92.83154122,inc,456,0
92.85714286,neutral,801,0
92.88256228,inc,448,0
100,con,625,0
100,neutral,1109,0
100,inc,1414,0
85.7142857143,inc,642,0
87.5,neutral,666,0
88.8888888889,neutral,786,0
90,con,1449,0
90.9090909091,inc,904,0
91.6666666667,neutral,779,0
92.3076923077,inc,1065,0
92.8571428571,inc,992,0
93.3333333333,con,892,0
93.75,con,920,0
94.1176470588,con,626,0
94.4444444444,neutral,623,0
94.7368421053,con,791,0
95,neutral,583,0
95.2380952381,neutral,737,0
95.4545454545,inc,600,0
95.652173913,con,541,0
95.8333333333,con,553,0
96,inc,571,0
96.1538461538,inc,496,0
96.2962962963,inc,837,0
96.4285714286,neutral,674,0
96.5517241379,inc,667,0
96.6666666667,neutral,674,0
96.7741935484,neutral,793,0
96.875,neutral,994,0
96.9696969697,con,449,0
97.0588235294,con,474,0
94.2857142857,inc,843,0
94.4444444444,inc,1122,0
94.5945945946,con,1095,0
94.7368421053,con,743,0
94.8717948718,neutral,661,0
95.1219512195,con,709,0
95.2380952381,con,665,0
95.3488372093,con,640,0
95.4545454545,con,676,0
95.5555555556,con,788,0
95.652173913,con,487,0
95.7446808511,con,634,0
95.8333333333,con,538,0
95.9183673469,con,745,0
96,neutral,697,0
96.0784313725,con,619,0
96.1538461538,inc,1311,0
96.2264150943,neutral,627,0
96.2962962963,con,589,0
96.3636363636,con,627,0
96.4285714286,con,740,0
96.4912280702,con,551,0
96.5517241379,con,668,0
96.6101694915,con,545,0
96.6666666667,con,571,0
96.7213114754,con,456,0
96.7741935484,con,527,0
96.8253968254,inc,723,0
96.875,con,720,0
96.9230769231,con,993,0
96.9696969697,con,768,0
97.0149253731,con,542,0
97.0588235294,con,635,0
97.1014492754,con,521,0
95.7142857143,con,761,0
95.7746478873,con,1498,0
95.8333333333,con,582,0
95.8904109589,con,786,0
95.9459459459,con,617,0
96,neutral,673,0
96.0526315789,inc,701,0
96.1038961039,con,660,0
96.1538461538,con,918,0
96.2025316456,con,520,0
96.25,con,602,0
96.2962962963,con,511,0
96.3414634146,con,614,0
96.3855421687,inc,789,0
96.4285714286,con,444,0
96.4705882353,con,689,0
96.511627907,con,887,0
96.5517241379,con,755,0
96.5909090909,con,633,0
96.6292134831,con,508,0
95.5555555556,inc,851,0
95.6043956044,inc,1209,0
95.652173913,con,647,0
95.6989247312,con,1270,0
95.7446808511,con,597,0
95.7894736842,con,455,0
95.8333333333,con,976,0
95.8762886598,con,576,0
95.9183673469,con,602,0
95.9595959596,con,923,0
96,con,544,0
96.0396039604,con,643,0
96.0784313725,neutral,927,0
96.1165048544,con,486,0
96.1538461538,neutral,656,0
96.1904761905,con,431,0
96.2264150943,con,698,0
96.261682243,con,545,0
96.2962962963,con,558,0
96.3302752294,con,538,0
96.3636363636,neutral,600,0
96.3963963964,neutral,711,0
96.4285714286,con,563,0
96.4601769912,inc,494,0
96.4912280702,con,468,0
96.5217391304,con,1503,0
96.5517241379,con,507,0
96.5811965812,con,591,0
96.6101694915,con,799,0
96.6386554622,con,745,0
96.6666666667,con,668,0
96.694214876,con,719,0
96.7213114754,con,521,0
96.7479674797,neutral,796,0
96.7741935484,con,656,0
96.8,con,782,0
96.8253968254,con,607,0
96.8503937008,con,566,0
96.875,inc,1002,0
96.1240310078,inc,1182,0
96.1538461538,inc,435,0
96.1832061069,con,650,0
96.2121212121,con,639,0
96.2406015038,con,712,0
96.2686567164,con,669,0
96.2962962963,con,612,0
96.3235294118,con,439,0
96.3503649635,con,511,0
96.3768115942,con,773,0
96.4028776978,con,699,0
96.4285714286,con,659,0
96.4539007092,inc,1301,0
96.4788732394,con,701,0
96.5034965035,neutral,892,0
96.5277777778,con,518,0
96.5517241379,con,716,0
96.5753424658,con,569,0
96.5986394558,con,551,0
96.6216216216,neutral,743,0
96.644295302,con,710,0
96.6666666667,neutral,841,0
96.6887417219,neutral,758,0
96.7105263158,con,482,0
96.7320261438,con,685,0
96.7532467532,con,608,0
96.7741935484,inc,668,0
96.7948717949,con,694,0
96.8152866242,con,613,0
96.835443038,con,618,0
96.8553459119,con,1069,0
96.875,con,564,0
96.9135802469,inc,1829,0
96.9325153374,con,501,0
96.9512195122,neutral,1017,0
96.9696969697,con,767,0
96.9879518072,inc,516,0
97.005988024,inc,800,0
97.0238095238,con,784,0
97.0414201183,inc,813,0
97.0588235294,inc,582,0
97.0760233918,neutral,517,0
97.0930232558,inc,659,0
97.1098265896,neutral,677,0
97.1264367816,inc,625,0
96.5714285714,inc,701,0
96.5909090909,neutral,597,0
96.6101694915,inc,519,0
96.6292134831,inc,871,0
96.6480446927,inc,584,0
96.6666666667,inc,665,0
96.6850828729,inc,1256,0
96.7032967033,neutral,559,0
96.7213114754,inc,529,0
96.7391304348,inc,706,0
96.7567567568,inc,619,0
96.7741935484,neutral,600,0
96.7914438503,inc,669,0
96.8085106383,inc,969,0
96.8253968254,inc,539,0
96.8421052632,inc,674,0
96.8586387435,inc,791,0
96.875,inc,530,0
96.8911917098,inc,1098,0
96.9072164948,inc,677,0
96.9230769231,inc,688,0
96.9387755102,con,713,0
96.9543147208,inc,828,0
96.9696969697,inc,734,0
96.9849246231,inc,727,0
97,inc,671,0
97.0149253731,inc,655,0
97.0297029703,inc,951,0
97.0443349754,inc,760,0
97.0588235294,inc,527,0
97.0731707317,inc,693,0
97.0873786408,inc,648,0
97.1014492754,neutral,628,0
97.1153846154,inc,673,0
97.1291866029,inc,904,0
97.1428571429,inc,872,0
97.1563981043,inc,537,0
97.1698113208,inc,835,0
97.1830985915,neutral,603,0
97.1962616822,inc,602,0
97.2093023256,inc,707,0
97.2222222222,neutral,818,0
97.2350230415,inc,657,0
97.247706422,con,649,0
97.2602739726,con,572,0
97.2727272727,inc,693,0
97.2850678733,inc,504,0
97.2972972973,inc,520,0
97.3094170404,con,711,0
97.3214285714,inc,430,0
97.3333333333,inc,773,0
97.3451327434,inc,792,0
97.3568281938,inc,990,0
97.3684210526,inc,573,0
97.3799126638,inc,810,0
97.3913043478,inc,596,0
97.4025974026,inc,522,0
97.4137931034,inc,960,0
97.4248927039,inc,568,0
97.4358974359,inc,594,0
97.4468085106,inc,696,0
97.4576271186,inc,911,0
97.4683544304,inc,675,0
97.4789915966,inc,657,0
97.489539749,neutral,764,0
97.5,inc,623,0
97.510373444,inc,615,0
97.520661157,inc,620,0
97.5308641975,inc,831,0
97.5409836066,inc,493,0
97.5510204082,inc,474,0
97.5609756098,inc,550,0
97.5708502024,inc,584,0
97.5806451613,inc,659,0
97.5903614458,inc,703,0
97.6,inc,439,0
97.609561753,inc,606,0
97.619047619,inc,590,0
97.628458498,inc,948,0
97.6377952756,inc,741,0
97.6470588235,inc,473,0
97.65625,neutral,816,0
97.6653696498,inc,600,0
97.6744186047,inc,463,0
97.6833976834,inc,576,0
97.6923076923,inc,640,0
97.7011494253,con,601,0
97.7099236641,inc,745,0
97.7186311787,con,629,0
97.7272727273,inc,532,0
97.7358490566,con,709,0
97.7443609023,inc,1978,0
97.7528089888,con,523,0
97.7611940299,inc,676,0
97.3977695167,inc,2000,0
97.4074074074,inc,690,0
97.4169741697,inc,458,0
97.4264705882,inc,690,0
97.4358974359,inc,1055,0
97.4452554745,inc,1061,0
97.4545454545,inc,490,0
97.4637681159,inc,399,0
97.4729241877,inc,582,0
97.4820143885,inc,719,0
97.4910394265,con,607,0
97.5,neutral,494,0
97.5088967972,inc,490,0
100,neutral,804,11
100,neutral,591,11
100,inc,412,11
100,inc,933,11
100,con,1301,11
100,neutral,561,11
100,con,589,11
100,con,618,11
100,con,597,11
100,neutral,534,11
100,inc,638,11
100,con,664,11
100,neutral,584,11
100,inc,414,11
100,inc,768,11
100,inc,844,11
95,inc,576,11
95.2380952381,neutral,891,11
95.4545454545,con,564,11
95.652173913,neutral,649,11
95.8333333333,inc,396,11
96,inc,1026,11
96.1538461538,con,556,11
96.2962962963,con,608,11
96.4285714286,neutral,550,11
96.5517241379,neutral,466,11
93.3333333333,inc,910,11
93.5483870968,con,606,11
90.625,inc,780,11
90.9090909091,con,768,11
91.1764705882,neutral,702,11
88.5714285714,neutral,553,11
88.8888888889,con,521,11
89.1891891892,neutral,866,11
89.4736842105,inc,613,11
89.7435897436,con,450,11
90.243902439,con,1004,11
90.4761904762,neutral,446,11
88.3720930233,con,545,11
88.6363636364,neutral,457,11
88.8888888889,con,577,11
89.1304347826,con,599,11
89.3617021277,con,432,11
89.5833333333,con,684,11
89.7959183673,con,410,11
88,inc,514,11
88.2352941176,con,565,11
88.4615384615,con,554,11
88.679245283,con,439,11
88.8888888889,con,568,11
89.0909090909,con,1217,11
89.2857142857,neutral,540,11
89.4736842105,con,767,11
89.6551724138,neutral,575,11
89.8305084746,con,705,11
90,neutral,975,11
90.1639344262,con,716,11
90.3225806452,con,1115,11
90.4761904762,con,571,11
90.625,con,666,11
90.7692307692,con,639,11
90.9090909091,con,587,11
91.0447761194,con,644,11
91.1764705882,con,478,11
91.3043478261,inc,898,11
91.4285714286,con,775,11
91.5492957746,con,1190,11
91.6666666667,con,792,11
91.7808219178,con,516,11
90.5405405405,con,704,11
90.6666666667,inc,891,11
90.7894736842,con,626,11
90.9090909091,con,686,11
91.0256410256,con,724,11
91.1392405063,neutral,635,11
91.25,con,641,11
91.3580246914,con,724,11
91.4634146341,con,902,11
91.5662650602,con,834,11
90.4761904762,inc,597,11
90.5882352941,con,938,11
90.6976744186,con,735,11
90.8045977011,con,781,11
90.9090909091,con,542,11
91.0112359551,con,683,11
91.1111111111,inc,503,11
91.2087912088,con,582,11
91.3043478261,con,595,11
91.3978494624,con,499,11
91.4893617021,con,927,11
91.5789473684,inc,667,11
91.6666666667,con,930,11
91.7525773196,con,460,11
91.8367346939,con,650,11
91.9191919192,con,493,11
92,con,426,11
92.0792079208,con,618,11
92.1568627451,con,488,11
92.2330097087,con,574,11
92.3076923077,con,559,11
92.380952381,con,428,11
92.4528301887,neutral,454,11
92.523364486,con,632,11
92.5925925926,con,735,11
92.6605504587,con,434,11
92.7272727273,con,583,11
92.7927927928,con,635,11
92.8571428571,con,482,11
92.9203539823,con,1464,11
92.9824561404,con,613,11
93.0434782609,con,640,11
93.1034482759,con,658,11
93.1623931624,con,425,11
93.2203389831,con,475,11
93.2773109244,neutral,795,11
93.3333333333,con,672,11
93.3884297521,con,711,11
93.4426229508,inc,1000,11
93.4959349593,con,561,11
93.5483870968,con,384,11
93.6,con,533,11
93.6507936508,con,888,11
93.7007874016,con,474,11
93.75,con,379,11
93.7984496124,con,563,11
93.8461538462,con,1085,11
93.893129771,con,407,11
93.9393939394,neutral,1077,11
93.984962406,con,618,11
94.0298507463,con,626,11
94.0740740741,con,448,11
94.1176470588,inc,865,11
94.1605839416,neutral,1043,11
94.2028985507,con,778,11
94.2446043165,con,570,11
94.2857142857,inc,465,11
94.3262411348,inc,450,11
94.3661971831,con,859,11
94.4055944056,con,678,11
94.4444444444,con,598,11
94.4827586207,con,558,11
94.5205479452,con,566,11
94.5578231293,con,609,11
94.5945945946,con,1198,11
94.6308724832,neutral,1358,11
94.6666666667,con,1226,11
94.701986755,con,1030,11
94.7368421053,con,726,11
94.7712418301,con,508,11
94.8051948052,neutral,881,11
94.8387096774,con,643,11
94.8717948718,con,896,11
94.9044585987,con,603,11
94.9367088608,inc,839,11
94.9685534591,con,641,11
95,inc,725,11
95.0617283951,inc,1161,11
94.4785276074,inc,2000,11
94.512195122,inc,864,11
94.5454545455,inc,622,11
94.578313253,inc,942,11
94.6107784431,inc,789,11
94.6428571429,inc,677,11
94.674556213,inc,698,11
94.7058823529,inc,583,11
94.7368421053,inc,440,11
94.7674418605,inc,750,11
94.7976878613,con,1171,11
94.8275862069,inc,687,11
94.8571428571,inc,596,11
94.8863636364,inc,484,11
94.9152542373,inc,599,11
94.3820224719,inc,501,11
94.4134078212,inc,638,11
94.4444444444,inc,466,11
94.4751381215,inc,759,11
94.5054945055,inc,1112,11
94.5355191257,inc,449,11
94.5652173913,inc,918,11
94.5945945946,con,546,11
94.623655914,inc,850,11
94.6524064171,inc,716,11
94.6808510638,con,607,11
94.708994709,neutral,726,11
94.7368421053,inc,480,11
94.7643979058,con,540,11
94.7916666667,neutral,524,11
94.8186528497,inc,474,11
94.8453608247,inc,976,11
94.8717948718,inc,649,11
94.8979591837,inc,601,11
94.923857868,inc,812,11
94.9494949495,inc,674,11
94.9748743719,inc,530,11
95,inc,609,11
95.0248756219,inc,611,11
95.0495049505,inc,1154,11
95.0738916256,inc,442,11
95.0980392157,inc,802,11
94.6341463415,inc,562,11
94.6601941748,inc,882,11
94.6859903382,inc,1145,11
94.7115384615,con,481,11
94.7368421053,neutral,957,11
94.7619047619,con,564,11
94.7867298578,inc,645,11
94.8113207547,inc,446,11
94.8356807512,neutral,1163,11
94.8598130841,inc,719,11
94.8837209302,inc,591,11
94.9074074074,inc,699,11
94.930875576,inc,639,11
94.9541284404,inc,682,11
94.9771689498,inc,750,11
95,neutral,513,11
95.0226244344,neutral,935,11
95.045045045,inc,524,11
95.067264574,inc,539,11
95.0892857143,inc,1015,11
95.1111111111,inc,1023,11
95.1327433628,neutral,565,11
95.154185022,inc,748,11
95.1754385965,inc,527,11
95.1965065502,inc,737,11
94.7826086957,inc,537,11
94.8051948052,inc,979,11
94.8275862069,inc,611,11
94.8497854077,inc,627,11
94.8717948718,inc,442,11
94.8936170213,inc,496,11
94.4915254237,inc,534,11
94.5147679325,inc,634,11
94.1176470588,inc,666,11
94.1422594142,inc,478,11
94.1666666667,con,515,11
94.1908713693,inc,558,11
94.2148760331,inc,644,11
94.2386831276,inc,747,11
94.262295082,inc,648,11
94.2857142857,inc,724,11
94.3089430894,inc,550,11
94.3319838057,neutral,591,11
94.3548387097,inc,415,11
93.9759036145,inc,682,11
94,inc,807,11
94.0239043825,neutral,552,11
94.0476190476,con,518,11
94.0711462451,inc,500,11
94.094488189,inc,599,11
94.1176470588,inc,621,11
93.75,inc,934,11
93.7743190661,inc,565,11
93.7984496124,inc,843,11
93.8223938224,inc,792,11
93.8461538462,con,873,11
93.8697318008,inc,585,11
93.893129771,inc,424,11
93.9163498099,inc,393,11
93.9393939394,inc,460,11
93.9622641509,inc,618,11
93.6090225564,con,473,11
93.6329588015,inc,1077,11
93.6567164179,inc,573,11
93.6802973978,inc,999,11
93.7037037037,neutral,739,11
93.7269372694,neutral,786,11
93.75,inc,717,11
93.7728937729,inc,668,11
93.795620438,inc,672,11
93.8181818182,con,618,11
93.8405797101,inc,870,11
93.8628158845,inc,596,11
93.8848920863,inc,1018,11
93.5483870968,con,471,11
93.5714285714,neutral,1098,11
93.5943060498,inc,434,11
100,con,627,12
80,inc,753,12
83.3333333333,con,992,12
71.4285714286,inc,886,12
75,con,941,12
66.6666666667,con,1019,12
70,inc,1001,12
72.7272727273,inc,955,12
75,neutral,886,12
76.9230769231,con,657,12
78.5714285714,neutral,984,12
80,con,732,12
81.25,neutral,788,12
76.4705882353,neutral,680,12
77.7777777778,neutral,876,12
73.6842105263,inc,887,12
75,neutral,769,12
76.1904761905,neutral,1119,12
77.2727272727,inc,606,12
78.2608695652,inc,949,12
79.1666666667,con,552,12
76,con,593,12
76.9230769231,neutral,891,12
77.7777777778,neutral,589,12
78.5714285714,neutral,956,12
79.3103448276,neutral,573,12
80,neutral,913,12
80.6451612903,inc,757,12
81.25,con,761,12
81.8181818182,inc,450,12
82.3529411765,inc,809,12
80,con,697,12
80.5555555556,con,1305,12
81.0810810811,inc,594,12
81.5789473684,inc,1003,12
82.0512820513,con,786,12
80.487804878,neutral,768,12
80.9523809524,con,650,12
81.3953488372,inc,734,12
79.5454545455,inc,962,12
80,inc,886,12
80.4347826087,inc,773,12
80.8510638298,inc,819,12
81.25,inc,1265,12
79.5918367347,inc,857,12
78,inc,637,12
78.431372549,inc,1151,12
78.8461538462,inc,746,12
77.358490566,inc,845,12
77.7777777778,con,690,12
78.1818181818,inc,817,12
78.5714285714,con,1150,12
78.9473684211,inc,695,12
79.3103448276,inc,612,12
79.6610169492,con,763,12
80,inc,587,12
80.3278688525,inc,839,12
80.6451612903,inc,579,12
80.9523809524,inc,419,12
79.6875,inc,660,12
80,inc,1019,12
78.7878787879,inc,980,12
79.1044776119,con,798,12
79.4117647059,neutral,826,12
79.7101449275,neutral,697,12
78.5714285714,inc,816,12
78.8732394366,inc,834,12
79.1666666667,inc,1209,12
79.4520547945,inc,944,12
79.7297297297,inc,525,12
80,inc,592,12
80.2631578947,neutral,537,12
80.5194805195,inc,464,12
80.7692307692,inc,748,12
79.746835443,con,621,12
78.75,inc,771,12
79.012345679,inc,710,12
79.2682926829,inc,643,12
78.313253012,inc,937,12
78.5714285714,inc,705,12
78.8235294118,inc,443,12
79.0697674419,con,650,12
79.3103448276,inc,600,12
79.5454545455,inc,1256,12
79.7752808989,inc,649,12
78.8888888889,inc,820,12
79.1208791209,inc,1079,12
79.347826087,inc,862,12
78.4946236559,inc,638,12
77.6595744681,con,850,12
76.8421052632,inc,689,12
77.0833333333,inc,504,12
77.3195876289,inc,404,12
77.5510204082,con,585,12
77.7777777778,inc,776,12
78,con,958,12
78.2178217822,neutral,595,12
78.431372549,inc,662,12
77.6699029126,inc,702,12
77.8846153846,inc,1129,12
78.0952380952,inc,612,12
77.358490566,inc,818,12
77.5700934579,inc,1760,12
77.7777777778,inc,703,12
77.9816513761,inc,939,12
78.1818181818,inc,928,12
78.3783783784,inc,790,12
78.5714285714,inc,676,12
78.7610619469,inc,1188,12
78.9473684211,inc,1327,12
79.1304347826,inc,964,12
79.3103448276,inc,837,12
78.6324786325,inc,973,12
78.813559322,inc,746,12
78.9915966387,inc,697,12
79.1666666667,neutral,677,12
79.3388429752,inc,482,12
79.5081967213,inc,462,12
79.674796748,neutral,459,12
79.0322580645,inc,1194,12
79.2,inc,914,12
78.5714285714,inc,1095,12
78.7401574803,inc,822,12
78.90625,inc,821,12
78.2945736434,inc,826,12
78.4615384615,inc,1612,12
78.6259541985,inc,1598,12
78.7878787879,inc,862,12
78.9473684211,inc,959,12
79.1044776119,inc,870,12
79.2592592593,neutral,590,12
79.4117647059,inc,989,12
79.5620437956,inc,1004,12
79.7101449275,inc,869,12
79.8561151079,inc,502,12
80,inc,824,12
80.1418439716,inc,725,12
80.2816901408,neutral,722,12
80.4195804196,inc,1051,12
80.5555555556,con,922,12
80.6896551724,con,810,12
80.8219178082,neutral,590,12
80.9523809524,inc,802,12
81.0810810811,neutral,754,12
81.2080536913,inc,887,12
81.3333333333,inc,614,12
81.4569536424,inc,698,12
81.5789473684,inc,585,12
81.6993464052,inc,1053,12
81.8181818182,inc,968,12
81.935483871,neutral,540,12
82.0512820513,inc,724,12
81.5286624204,inc,737,12
81.6455696203,inc,873,12
81.7610062893,inc,587,12
81.25,inc,621,12
81.4814814815,neutral,743,12
81.5950920245,con,693,12
81.7073170732,con,542,12
81.8181818182,neutral,457,12
81.9277108434,con,1047,12
82.0359281437,con,573,12
82.1428571429,inc,1126,12
82.2485207101,con,1404,12
81.7647058824,con,731,12
81.8713450292,con,1132,12
81.976744186,con,659,12
82.0809248555,con,974,12
82.183908046,con,544,12
82.2857142857,con,1128,12
82.3863636364,con,516,12
82.4858757062,con,832,12
82.5842696629,inc,577,12
82.1229050279,con,577,12
82.2222222222,con,615,12
82.320441989,con,971,12
82.4175824176,inc,727,12
82.5136612022,con,667,12
82.6086956522,inc,663,12
82.7027027027,con,661,12
82.7956989247,con,663,12
82.8877005348,con,564,12
82.9787234043,neutral,662,12
83.0687830688,con,1222,12
83.1578947368,con,525,12
83.2460732984,con,598,12
83.3333333333,con,937,12
82.9015544041,con,997,12
82.4742268041,con,547,12
82.0512820513,neutral,664,12
82.1428571429,con,725,12
82.2335025381,con,534,12
82.3232323232,con,665,12
82.4120603015,inc,808,12
82.5,con,661,12
82.5870646766,con,824,12
82.6732673267,con,641,12
82.7586206897,con,561,12
82.8431372549,neutral,940,12
82.9268292683,con,649,12
83.0097087379,con,989,12
83.0917874396,con,766,12
83.1730769231,con,689,12
83.2535885167,con,753,12
83.3333333333,neutral,669,12
83.4123222749,inc,558,12
83.4905660377,con,397,12
83.5680751174,con,831,12
83.6448598131,inc,1033,12
83.7209302326,con,706,12
83.7962962963,con,639,12
83.8709677419,con,706,12
83.9449541284,con,710,12
84.0182648402,con,821,12
84.0909090909,con,620,12
84.1628959276,inc,574,12
84.2342342342,con,740,12
84.3049327354,con,738,12
84.375,con,568,12
84.4444444444,con,608,12
84.5132743363,con,1140,12
84.5814977974,con,671,12
84.649122807,con,600,12
84.7161572052,con,610,12
84.7826086957,neutral,591,12
84.8484848485,con,671,12
84.9137931034,con,665,12
84.9785407725,con,1167,12
85.0427350427,con,652,12
85.1063829787,con,533,12
85.1694915254,con,680,12
85.2320675105,con,739,12
85.2941176471,con,617,12
85.3556485356,con,620,12
85.4166666667,con,595,12
85.4771784232,con,560,12
85.5371900826,con,723,12
85.5967078189,con,627,12
85.6557377049,neutral,536,12
85.7142857143,neutral,617,12
85.7723577236,con,1087,12
85.4251012146,con,643,12
85.4838709677,con,571,12
85.5421686747,con,505,12
85.6,con,593,12
85.2589641434,con,523,12
85.3174603175,con,523,12
85.3754940711,inc,782,12
85.4330708661,con,730,12
85.0980392157,con,824,12
85.15625,con,552,12
85.2140077821,con,1099,12
85.2713178295,con,577,12
85.3281853282,con,642,12
85.3846153846,con,700,12
85.4406130268,con,807,12
85.4961832061,con,434,12
85.5513307985,con,731,12
85.6060606061,neutral,1031,12
85.6603773585,con,755,12
85.3383458647,con,858,12
85.393258427,con,881,12
85.0746268657,con,587,12
85.1301115242,con,839,12
85.1851851852,con,624,12
85.2398523985,con,812,12
85.2941176471,neutral,680,12
85.347985348,inc,445,12
85.401459854,con,596,12
85.4545454545,con,636,12
85.1449275362,inc,1042,12
85.1985559567,con,618,12
84.8920863309,inc,948,12
84.9462365591,con,855,12
85,con,524,12
84.6975088968,neutral,729,12
100,con,1930,13
80,inc,1147,13
83.3333333333,con,730,13
85.7142857143,neutral,536,13
87.5,neutral,590,13
88.8888888889,neutral,724,13
90,con,1152,13
90.9090909091,con,618,13
91.6666666667,neutral,1098,13
92.3076923077,inc,621,13
85.7142857143,inc,945,13
86.6666666667,con,974,13
87.5,inc,718,13
88.2352941176,inc,1222,13
88.8888888889,neutral,664,13
89.4736842105,con,594,13
90,inc,738,13
90.4761904762,con,645,13
86.3636363636,inc,663,13
86.9565217391,inc,775,13
87.5,con,603,13
88,neutral,1013,13
84.6153846154,neutral,801,13
85.1851851852,con,971,13
85.7142857143,con,940,13
86.2068965517,neutral,1036,13
86.6666666667,neutral,547,13
87.0967741935,con,660,13
84.375,neutral,880,13
84.8484848485,con,539,13
85.2941176471,neutral,507,13
82.8571428571,neutral,609,13
83.3333333333,inc,611,13
83.7837837838,inc,989,13
84.2105263158,inc,564,13
84.6153846154,inc,529,13
82.9268292683,inc,1797,13
83.3333333333,neutral,870,13
83.7209302326,con,596,13
84.0909090909,con,874,13
84.4444444444,con,668,13
84.7826086957,con,552,13
82.9787234043,con,918,13
83.3333333333,inc,777,13
83.6734693878,con,521,13
82,con,747,13
82.3529411765,inc,759,13
82.6923076923,con,492,13
83.0188679245,inc,544,13
83.3333333333,con,424,13
83.6363636364,con,423,13
83.9285714286,con,687,13
84.2105263158,con,561,13
84.4827586207,con,640,13
84.7457627119,con,750,13
85,con,475,13
85.2459016393,con,744,13
85.4838709677,con,712,13
85.7142857143,con,612,13
85.9375,con,513,13
84.6153846154,inc,922,13
84.8484848485,inc,1015,13
85.0746268657,con,597,13
85.2941176471,con,641,13
85.5072463768,con,589,13
85.7142857143,neutral,631,13
85.9154929577,con,635,13
86.1111111111,con,692,13
86.301369863,con,415,13
86.4864864865,con,561,13
86.6666666667,con,634,13
86.8421052632,con,629,13
87.012987013,inc,844,13
87.1794871795,con,695,13
87.3417721519,con,607,13
87.5,con,659,13
87.6543209877,con,524,13
87.8048780488,con,562,13
87.9518072289,con,649,13
88.0952380952,con,702,13
88.2352941176,con,518,13
88.3720930233,con,546,13
88.5057471264,con,653,13
88.6363636364,neutral,631,13
87.6404494382,inc,727,13
87.7777777778,neutral,572,13
87.9120879121,neutral,828,13
88.0434782609,con,590,13
88.1720430108,con,735,13
88.2978723404,neutral,537,13
88.4210526316,inc,1141,13
88.5416666667,neutral,633,13
88.6597938144,con,530,13
88.7755102041,con,548,13
88.8888888889,con,656,13
89,con,564,13
89.1089108911,con,636,13
89.2156862745,con,547,13
89.3203883495,con,633,13
89.4230769231,con,665,13
88.5714285714,con,512,13
88.679245283,con,609,13
87.8504672897,con,1014,13
87.962962963,con,570,13
87.1559633028,inc,981,13
87.2727272727,con,607,13
87.3873873874,con,604,13
87.5,con,577,13
87.610619469,inc,1287,13
86.8421052632,con,2000,13
86.9565217391,neutral,623,13
87.0689655172,con,523,13
87.1794871795,con,551,13
87.2881355932,con,463,13
87.3949579832,neutral,945,13
87.5,con,607,13
87.6033057851,con,675,13
87.7049180328,con,539,13
87.8048780488,con,718,13
87.9032258065,con,412,13
88,con,614,13
88.0952380952,con,396,13
88.188976378,con,825,13
88.28125,con,703,13
88.3720930233,con,509,13
88.4615384615,con,613,13
88.5496183206,con,908,13
88.6363636364,con,592,13
88.7218045113,con,561,13
88.8059701493,con,718,13
88.8888888889,con,554,13
88.9705882353,con,539,13
89.0510948905,con,644,13
89.1304347826,con,548,13
89.2086330935,con,536,13
89.2857142857,con,526,13
89.3617021277,neutral,701,13
89.4366197183,con,520,13
89.5104895105,con,633,13
89.5833333333,inc,989,13
89.6551724138,con,648,13
89.0410958904,con,502,13
89.1156462585,con,491,13
89.1891891892,con,647,13
89.2617449664,con,894,13
89.3333333333,con,414,13
89.4039735099,con,506,13
89.4736842105,con,481,13
89.5424836601,con,520,13
89.6103896104,con,524,13
89.6774193548,con,1431,13
89.7435897436,con,909,13
89.1719745223,neutral,494,13
89.2405063291,con,742,13
89.3081761006,con,397,13
89.375,neutral,620,13
89.5061728395,neutral,579,13
89.5705521472,inc,1199,13
89.6341463415,inc,1119,13
89.696969697,inc,633,13
89.7590361446,inc,613,13
89.8203592814,inc,977,13
89.2857142857,inc,1397,13
88.7573964497,inc,1551,13
88.2352941176,neutral,870,13
88.3040935673,inc,1048,13
87.7906976744,inc,738,13
87.8612716763,inc,1056,13
87.9310344828,inc,867,13
88,inc,830,13
88.0681818182,neutral,444,13
88.1355932203,inc,785,13
88.202247191,neutral,529,13
88.2681564246,inc,585,13
87.7777777778,inc,871,13
87.8453038674,inc,723,13
87.3626373626,inc,770,13
87.4316939891,con,628,13
87.5,neutral,693,13
87.5675675676,inc,553,13
87.6344086022,inc,689,13
87.7005347594,con,526,13
87.7659574468,inc,838,13
87.8306878307,con,684,13
87.8947368421,inc,794,13
87.9581151832,neutral,783,13
88.0208333333,neutral,800,13
88.0829015544,inc,913,13
88.1443298969,inc,871,13
88.2051282051,neutral,608,13
88.2653061224,con,643,13
88.3248730964,inc,805,13
88.3838383838,inc,525,13
88.4422110553,neutral,796,13
88.5,inc,630,13
88.5572139303,inc,641,13
88.6138613861,inc,711,13
88.1773399015,inc,864,13
88.2352941176,inc,887,13
88.2926829268,inc,678,13
88.3495145631,inc,878,13
88.4057971014,inc,621,13
87.9807692308,inc,606,13
88.038277512,inc,599,13
88.0952380952,inc,575,13
87.6777251185,inc,685,13
87.7358490566,inc,1254,13
87.79342723,inc,943,13
87.8504672897,neutral,531,13
87.9069767442,inc,622,13
87.962962963,inc,707,13
88.0184331797,inc,870,13
88.0733944954,inc,504,13
88.1278538813,inc,906,13
88.1818181818,inc,631,13
88.2352941176,con,1491,13
88.2882882883,inc,631,13
88.3408071749,con,944,13
88.3928571429,inc,512,13
88.4444444444,inc,729,13
88.4955752212,inc,581,13
88.1057268722,inc,741,13
88.1578947368,inc,605,13
88.2096069869,con,958,13
88.2608695652,inc,496,13
88.3116883117,inc,758,13
88.3620689655,inc,537,13
87.982832618,inc,761,13
88.0341880342,inc,823,13
88.085106383,con,452,13
88.1355932203,inc,1244,13
88.1856540084,con,531,13
88.2352941176,inc,605,13
88.2845188285,inc,636,13
88.3333333333,inc,811,13
88.3817427386,inc,1260,13
88.4297520661,neutral,784,13
88.4773662551,inc,773,13
88.5245901639,inc,521,13
88.5714285714,inc,807,13
88.6178861789,inc,915,13
88.6639676113,inc,587,13
88.7096774194,inc,711,13
88.7550200803,inc,670,13
88.4,inc,709,13
88.4462151394,inc,534,13
88.4920634921,inc,597,13
88.5375494071,inc,557,13
88.5826771654,con,769,13
88.6274509804,inc,880,13
88.671875,inc,779,13
88.7159533074,con,545,13
88.7596899225,inc,771,13
88.8030888031,inc,837,13
88.8461538462,inc,897,13
88.8888888889,inc,503,13
88.5496183206,inc,609,13
88.5931558935,inc,662,13
88.6363636364,neutral,614,13
88.679245283,inc,816,13
88.7218045113,inc,823,13
88.7640449438,inc,1041,13
88.8059701493,con,560,13
88.8475836431,inc,524,13
88.8888888889,inc,692,13
88.9298892989,inc,795,13
88.9705882353,inc,779,13
89.010989011,inc,495,13
89.0510948905,inc,725,13
89.0909090909,inc,732,13
89.1304347826,inc,638,13
88.8086642599,inc,541,13
88.8489208633,inc,676,13
88.8888888889,inc,729,13
88.9285714286,inc,644,13
88.9679715302,inc,1234,13
100,neutral,612,0
100,con,736,0
100,con,627,0
100,inc,540,0
100,neutral,401,0
88.88888889,neutral,794,0
90,inc,477,0
81.81818182,con,720,0
83.33333333,inc,804,0
84.61538462,inc,1101,0
85.71428571,con,1152,0
86.66666667,con,817,0
87.5,neutral,599,0
88.23529412,neutral,723,0
88.88888889,con,650,0
89.47368421,con,663,0
90,con,621,0
90.47619048,con,587,0
90.90909091,con,594,0
91.30434783,neutral,709,0
91.66666667,inc,796,0
92,inc,742,0
92.30769231,neutral,544,0
88.88888889,inc,691,0
89.28571429,neutral,620,0
89.65517241,inc,713,0
90,con,533,0
87.09677419,inc,631,0
87.5,neutral,649,0
87.87878788,neutral,616,0
88.23529412,inc,706,0
88.57142857,inc,790,0
88.88888889,neutral,615,0
89.18918919,con,570,0
89.47368421,neutral,701,0
89.74358974,inc,639,0
90.24390244,inc,714,0
90.47619048,inc,718,0
90.69767442,inc,800,0
90.90909091,neutral,902,0
91.11111111,inc,780,0
91.30434783,con,582,0
91.4893617,neutral,537,0
91.66666667,inc,678,0
91.83673469,inc,764,0
92,neutral,1541,0
92.15686275,inc,758,0
92.30769231,inc,658,0
92.45283019,inc,793,0
92.59259259,inc,632,0
92.72727273,inc,659,0
92.85714286,neutral,649,0
92.98245614,inc,571,0
93.10344828,inc,660,0
93.22033898,inc,609,0
93.33333333,neutral,684,0
91.80327869,inc,693,0
91.93548387,inc,752,0
90.47619048,inc,934,0
90.625,con,631,0
90.76923077,inc,733,0
90.90909091,inc,638,0
91.04477612,inc,613,0
91.17647059,inc,600,0
91.30434783,inc,719,0
91.42857143,inc,660,0
91.54929577,inc,706,0
91.66666667,inc,1503,0
91.78082192,inc,1458,0
91.89189189,inc,736,0
92,con,696,0
92.10526316,inc,949,0
92.20779221,inc,614,0
92.30769231,inc,1996,0
92.40506329,inc,642,0
92.5,con,503,0
92.59259259,inc,630,0
92.68292683,inc,705,0
92.77108434,neutral,605,0
92.85714286,con,584,0
92.94117647,neutral,619,0
93.02325581,inc,873,0
91.95402299,inc,999,0
92.04545455,inc,781,0
92.13483146,inc,545,0
92.22222222,inc,1265,0
92.30769231,inc,671,0
92.39130435,inc,1592,0
92.47311828,inc,1023,0
91.4893617,inc,755,0
91.57894737,inc,939,0
90.625,inc,996,0
89.69072165,inc,790,0
89.79591837,inc,1035,0
89.8989899,inc,791,0
90,inc,493,0
90.0990099,inc,413,0
90.19607843,neutral,759,0
90.29126214,inc,621,0
90.38461538,inc,812,0
90.47619048,inc,691,0
90.56603774,inc,1075,0
90.65420561,con,709,0
90.74074074,inc,982,0
90.82568807,inc,1061,0
90.90909091,inc,905,0
90.99099099,inc,1171,0
91.07142857,inc,1297,0
91.15044248,inc,895,0
91.22807018,neutral,733,0
91.30434783,inc,756,0
91.37931034,inc,852,0
91.45299145,neutral,813,0
90.6779661,con,794,0
90.75630252,inc,1000,0
90.83333333,inc,767,0
90.90909091,inc,1138,0
90.98360656,inc,688,0
91.05691057,inc,943,0
91.12903226,inc,745,0
91.2,inc,938,0
91.26984127,con,603,0
91.33858268,inc,993,0
90.625,inc,600,0
90.69767442,inc,640,0
90,inc,1100,0
90.07633588,inc,1040,0
90.15151515,inc,885,0
90.22556391,inc,1575,0
90.29850746,con,1202,0
90.37037037,neutral,576,0
90.44117647,inc,1501,0
90.51094891,inc,882,0
90.57971014,inc,847,0
90.64748201,inc,957,0
90.71428571,inc,736,0
90.78014184,inc,778,0
90.84507042,con,846,0
90.90909091,inc,761,0
90.97222222,inc,767,0
91.03448276,inc,717,0
91.09589041,inc,821,0
91.15646259,con,705,0
91.21621622,inc,873,0
91.27516779,inc,1317,0
91.33333333,con,751,0
91.39072848,neutral,692,0
90.78947368,inc,626,0
90.19607843,inc,2000,0
90.25974026,inc,831,0
90.32258065,inc,659,0
89.74358974,inc,1266,0
89.17197452,inc,1126,0
89.24050633,inc,1135,0
89.3081761,inc,774,0
89.375,inc,698,0
89.50617284,con,762,0
89.57055215,con,526,0
89.63414634,con,781,0
89.6969697,con,868,0
89.75903614,con,716,0
89.82035928,neutral,844,0
89.88095238,con,615,0
89.9408284,con,679,0
90,con,653,0
90.05847953,neutral,998,0
90.11627907,con,907,0
90.1734104,con,602,0
90.22988506,inc,497,0
90.28571429,con,489,0
90.34090909,con,560,0
90.39548023,con,447,0
90.4494382,con,601,0
90.5027933,con,611,0
90.55555556,con,617,0
90.60773481,con,575,0
90.65934066,con,626,0
90.71038251,con,1019,0
90.76086957,neutral,940,0
90.81081081,con,496,0
90.86021505,neutral,734,0
90.90909091,con,609,0
90.95744681,con,552,0
91.00529101,con,613,0
91.05263158,con,476,0
91.09947644,con,1043,0
91.14583333,con,540,0
91.19170984,con,524,0
91.2371134,con,559,0
91.28205128,con,447,0
91.32653061,neutral,1075,0
91.37055838,con,975,0
91.41414141,con,707,0
91.45728643,con,610,0
91.5,con,626,0
91.54228856,con,586,0
91.58415842,con,673,0
91.13300493,con,697,0
91.17647059,con,636,0
91.2195122,neutral,1221,0
90.77669903,inc,2000,0
90.82125604,con,861,0
90.86538462,neutral,1118,0
90.90909091,con,569,0
90.95238095,con,598,0
90.99526066,con,614,0
91.03773585,con,602,0
91.07981221,con,896,0
91.12149533,con,596,0
91.1627907,con,897,0
90.74074074,neutral,778,0
90.78341014,con,588,0
90.82568807,con,815,0
90.86757991,con,580,0
90.90909091,con,538,0
90.95022624,con,490,0
90.99099099,con,459,0
91.03139013,con,523,0
91.07142857,con,590,0
91.11111111,con,573,0
91.15044248,neutral,1094,0
91.18942731,neutral,1160,0
91.22807018,neutral,448,0
91.26637555,con,424,0
91.30434783,con,661,0
91.34199134,inc,1360,0
91.37931034,inc,703,0
91.41630901,con,485,0
91.45299145,inc,949,0
91.4893617,con,592,0
91.52542373,con,597,0
91.56118143,inc,1208,0
91.59663866,con,558,0
91.63179916,con,447,0
91.66666667,con,781,0
91.70124481,con,523,0
91.73553719,con,532,0
91.76954733,con,501,0
91.80327869,con,550,0
91.83673469,inc,1054,0
91.8699187,con,1176,0
91.90283401,con,407,0
91.93548387,con,796,0
91.96787149,con,586,0
92,con,639,0
92.03187251,con,516,0
92.06349206,con,571,0
92.09486166,con,595,0
92.12598425,inc,1197,0
91.76470588,con,598,0
91.796875,con,701,0
91.82879377,con,723,0
91.86046512,con,1518,0
91.89189189,neutral,1234,0
91.92307692,con,575,0
91.95402299,con,531,0
91.98473282,con,652,0
91.63498099,inc,950,0
91.66666667,con,578,0
91.69811321,con,527,0
91.72932331,con,646,0
91.76029963,con,553,0
91.79104478,inc,975,0
91.82156134,con,627,0
91.85185185,inc,939,0
91.88191882,con,571,0
91.54411765,con,578,0
91.57509158,con,559,0
91.60583942,con,581,0
91.63636364,con,441,0
91.66666667,con,473,0
91.6967509,con,585,0
91.36690647,con,546,0
91.39784946,con,635,0
91.42857143,inc,1042,0
91.45907473,con,734,0
100,inc,1417,1
100,neutral,716,1
100,inc,1002,1
100,neutral,1232,1
87.5,inc,1284,1
88.8888888889,inc,1439,1
90,inc,1052,1
90.9090909091,con,749,1
91.6666666667,inc,970,1
92.3076923077,con,1156,1
92.8571428571,con,860,1
93.3333333333,neutral,1061,1
93.75,inc,1178,1
88.2352941176,con,2000,1
88.8888888889,con,814,1
89.4736842105,con,695,1
90,con,933,1
90.4761904762,neutral,884,1
90.9090909091,neutral,733,1
91.3043478261,inc,902,1
91.6666666667,neutral,987,1
92,neutral,787,1
92.3076923077,con,822,1
92.5925925926,con,860,1
92.8571428571,inc,622,1
93.1034482759,neutral,929,1
90,neutral,921,1
90.3225806452,inc,607,1
90.625,con,823,1
90.9090909091,con,632,1
91.1764705882,inc,625,1
91.4285714286,neutral,716,1
91.6666666667,con,612,1
91.8918918919,neutral,552,1
92.1052631579,neutral,875,1
92.3076923077,inc,711,1
92.6829268293,inc,965,1
92.8571428571,neutral,618,1
93.023255814,inc,791,1
93.1818181818,neutral,715,1
93.3333333333,inc,861,1
93.4782608696,inc,870,1
93.6170212766,inc,550,1
93.75,inc,659,1
91.8367346939,inc,683,1
92,inc,705,1
92.1568627451,inc,696,1
92.3076923077,inc,775,1
92.4528301887,inc,896,1
92.5925925926,inc,635,1
92.7272727273,con,871,1
92.8571428571,inc,773,1
92.9824561404,inc,775,1
93.1034482759,inc,570,1
93.2203389831,inc,695,1
93.3333333333,inc,607,1
93.4426229508,inc,718,1
93.5483870968,inc,1170,1
93.6507936508,inc,735,1
93.75,inc,350,1
93.8461538462,inc,642,1
93.9393939394,con,786,1
94.0298507463,inc,640,1
94.1176470588,inc,881,1
92.7536231884,inc,987,1
92.8571428571,inc,879,1
92.9577464789,inc,825,1
93.0555555556,con,689,1
93.1506849315,inc,1315,1
93.2432432432,neutral,640,1
93.3333333333,inc,903,1
93.4210526316,inc,1250,1
93.5064935065,neutral,638,1
93.5897435897,neutral,873,1
93.6708860759,inc,787,1
93.75,inc,794,1
93.8271604938,inc,961,1
93.9024390244,inc,730,1
93.9759036145,inc,747,1
94.0476190476,inc,771,1
94.1176470588,inc,776,1
94.1860465116,inc,958,1
94.2528735632,inc,924,1
94.3181818182,inc,688,1
94.3820224719,inc,583,1
94.4444444444,inc,1105,1
94.5054945055,inc,1074,1
94.5652173913,con,794,1
94.623655914,inc,987,1
94.6808510638,inc,611,1
94.7368421053,inc,757,1
94.7916666667,inc,631,1
94.8453608247,inc,793,1
94.8979591837,con,930,1
94.9494949495,con,550,1
95,inc,636,1
95.0495049505,neutral,760,1
95.0980392157,inc,647,1
95.145631068,inc,591,1
95.1923076923,inc,451,1
95.2380952381,inc,601,1
95.2830188679,inc,438,1
94.3925233645,inc,1349,1
94.4444444444,inc,525,1
94.495412844,inc,1714,1
94.5454545455,inc,756,1
94.5945945946,inc,930,1
94.6428571429,inc,1135,1
93.8053097345,inc,1189,1
93.8596491228,inc,1133,1
93.9130434783,inc,1457,1
93.9655172414,inc,1112,1
94.0170940171,inc,715,1
94.0677966102,inc,1484,1
94.1176470588,inc,974,1
94.1666666667,inc,1294,1
94.2148760331,inc,724,1
94.262295082,neutral,1174,1
94.3089430894,neutral,824,1
94.3548387097,inc,454,1
94.4,inc,914,1
94.4444444444,inc,667,1
94.4881889764,inc,661,1
94.53125,inc,744,1
94.5736434109,inc,1036,1
94.6153846154,neutral,847,1
94.6564885496,inc,889,1
94.696969697,neutral,939,1
94.7368421053,neutral,1054,1
94.776119403,inc,711,1
94.8148148148,inc,1379,1
94.8529411765,inc,1082,1
94.8905109489,inc,895,1
94.9275362319,inc,560,1
94.964028777,inc,519,1
95,con,529,1
94.3262411348,inc,753,1
94.3661971831,neutral,989,1
94.4055944056,inc,1298,1
94.4444444444,inc,885,1
94.4827586207,inc,909,1
94.5205479452,inc,638,1
94.5578231293,inc,735,1
94.5945945946,inc,1098,1
94.6308724832,inc,1415,1
94.6666666667,con,697,1
94.701986755,inc,945,1
94.7368421053,con,1256,1
94.7712418301,con,858,1
94.8051948052,con,487,1
94.8387096774,con,624,1
94.8717948718,inc,1340,1
94.9044585987,inc,730,1
94.9367088608,inc,659,1
94.9685534591,inc,944,1
95,inc,1257,1
95.0617283951,con,792,1
95.0920245399,con,547,1
95.1219512195,con,602,1
95.1515151515,con,581,1
95.1807228916,con,554,1
95.2095808383,con,506,1
95.2380952381,con,485,1
95.2662721893,con,502,1
95.2941176471,con,508,1
95.3216374269,con,608,1
95.3488372093,neutral,821,1
95.3757225434,con,694,1
94.8275862069,con,588,1
94.8571428571,con,673,1
94.8863636364,con,790,1
94.9152542373,con,686,1
94.9438202247,con,689,1
94.9720670391,inc,1652,1
95,con,591,1
95.0276243094,con,857,1
95.0549450549,neutral,900,1
95.0819672131,con,641,1
95.1086956522,con,841,1
95.1351351351,con,681,1
95.1612903226,inc,843,1
95.1871657754,con,650,1
95.2127659574,inc,705,1
95.2380952381,con,628,1
95.2631578947,con,636,1
95.2879581152,con,770,1
95.3125,inc,759,1
95.3367875648,con,1158,1
95.3608247423,con,790,1
95.3846153846,neutral,847,1
95.4081632653,neutral,870,1
94.923857868,con,692,1
94.9494949495,con,834,1
94.9748743719,con,720,1
95,con,1391,1
95.0248756219,con,559,1
95.0495049505,con,794,1
95.0738916256,con,662,1
95.0980392157,con,566,1
95.1219512195,neutral,774,1
95.145631068,con,664,1
95.1690821256,con,805,1
95.1923076923,inc,692,1
95.2153110048,con,655,1
95.2380952381,con,805,1
95.2606635071,neutral,660,1
95.2830188679,con,872,1
95.3051643192,con,647,1
94.8598130841,con,688,1
94.8837209302,con,553,1
94.9074074074,con,801,1
94.930875576,neutral,652,1
94.495412844,neutral,620,1
94.5205479452,con,590,1
94.5454545455,con,581,1
94.5701357466,inc,830,1
94.5945945946,con,656,1
94.6188340807,con,766,1
94.6428571429,con,847,1
94.6666666667,con,687,1
94.6902654867,inc,974,1
94.7136563877,con,714,1
94.7368421053,con,660,1
94.7598253275,con,737,1
94.7826086957,con,544,1
94.8051948052,con,608,1
94.8275862069,con,526,1
94.8497854077,con,965,1
94.8717948718,con,546,1
94.8936170213,neutral,706,1
94.4915254237,con,748,1
94.5147679325,con,735,1
94.5378151261,con,839,1
94.5606694561,con,577,1
94.5833333333,con,763,1
94.6058091286,neutral,746,1
94.6280991736,inc,897,1
94.6502057613,con,641,1
94.6721311475,con,743,1
94.693877551,con,627,1
94.7154471545,con,629,1
94.7368421053,con,687,1
94.3548387097,con,798,1
94.3775100402,con,1233,1
94.4,con,504,1
94.422310757,con,535,1
94.4444444444,con,599,1
94.4664031621,con,720,1
94.4881889764,con,709,1
94.5098039216,con,954,1
94.53125,con,526,1
94.5525291829,con,897,1
94.5736434109,con,851,1
94.2084942085,con,706,1
94.2307692308,con,537,1
94.2528735632,con,532,1
94.2748091603,con,647,1
94.2965779468,con,1346,1
94.3181818182,con,555,1
94.3396226415,inc,802,1
94.3609022556,con,395,1
94.3820224719,inc,447,1
94.0298507463,con,672,1
94.0520446097,con,651,1
94.0740740741,inc,608,1
94.0959409594,con,425,1
94.1176470588,con,810,1
94.1391941392,con,485,1
94.1605839416,con,444,1
94.1818181818,neutral,949,1
94.2028985507,con,786,1
94.2238267148,neutral,1007,1
94.2446043165,con,794,1
94.2652329749,con,537,1
93.9285714286,inc,826,1
93.9501779359,con,717,1
75,inc,1001,3
60,inc,2000,3
66.6666666667,inc,1382,3
71.4285714286,con,967,3
75,neutral,1099,3
77.7777777778,con,712,3
80,con,1003,3
81.8181818182,neutral,953,3
83.3333333333,con,1144,3
84.6153846154,con,550,3
85.7142857143,con,735,3
80,inc,1028,3
81.25,neutral,1216,3
82.3529411765,neutral,958,3
83.3333333333,neutral,1419,3
78.9473684211,inc,2000,3
75,neutral,2000,3
76.1904761905,neutral,791,3
77.2727272727,con,950,3
78.2608695652,neutral,1389,3
79.1666666667,neutral,746,3
80,inc,1094,3
80.7692307692,con,900,3
77.7777777778,inc,983,3
78.5714285714,con,995,3
75.8620689655,inc,1368,3
76.6666666667,inc,1775,3
77.4193548387,con,1229,3
78.125,con,1237,3
78.7878787879,neutral,1361,3
79.4117647059,neutral,1129,3
80,neutral,1034,3
80.5555555556,inc,1947,3
81.0810810811,con,918,3
78.9473684211,inc,2000,3
79.4871794872,inc,1863,3
80.487804878,neutral,1274,3
80.9523809524,con,872,3
81.3953488372,con,1113,3
81.8181818182,con,936,3
82.2222222222,neutral,717,3
82.6086956522,con,699,3
82.9787234043,con,763,3
83.3333333333,con,590,3
83.6734693878,con,636,3
84,con,1314,3
84.3137254902,con,536,3
84.6153846154,con,671,3
84.9056603774,con,804,3
85.1851851852,con,782,3
85.4545454545,con,607,3
85.7142857143,con,757,3
85.9649122807,con,831,3
86.2068965517,con,574,3
86.4406779661,con,870,3
86.6666666667,con,692,3
86.8852459016,con,863,3
87.0967741935,inc,1163,3
87.3015873016,neutral,986,3
87.5,con,964,3
87.6923076923,con,651,3
87.8787878788,con,567,3
88.0597014925,inc,1069,3
88.2352941176,con,1410,3
88.4057971014,inc,1472,3
88.5714285714,inc,1149,3
88.7323943662,con,722,3
88.8888888889,con,697,3
89.0410958904,con,894,3
89.1891891892,con,1112,3
89.3333333333,con,1012,3
88.1578947368,neutral,1421,3
88.3116883117,con,1098,3
88.4615384615,con,697,3
87.3417721519,con,1179,3
87.5,con,503,3
87.6543209877,con,837,3
87.8048780488,con,983,3
87.9518072289,con,730,3
88.0952380952,inc,1428,3
88.2352941176,con,685,3
88.3720930233,con,685,3
87.3563218391,con,2000,3
87.5,inc,1318,3
87.6404494382,con,733,3
87.7777777778,con,708,3
87.9120879121,neutral,1112,3
88.0434782609,con,1079,3
88.1720430108,con,833,3
88.2978723404,con,1321,3
88.4210526316,neutral,1159,3
88.5416666667,con,783,3
88.6597938144,con,696,3
88.7755102041,con,1100,3
88.8888888889,con,786,3
89,con,1097,3
89.1089108911,con,594,3
88.2352941176,inc,622,3
88.3495145631,con,769,3
88.4615384615,neutral,1254,3
88.5714285714,con,918,3
88.679245283,con,736,3
88.785046729,con,1087,3
88.8888888889,con,1193,3
88.9908256881,con,1086,3
89.0909090909,con,642,3
89.1891891892,con,695,3
89.2857142857,con,658,3
89.3805309735,neutral,1034,3
89.4736842105,con,1428,3
89.5652173913,con,747,3
89.6551724138,con,822,3
89.7435897436,con,791,3
89.8305084746,con,732,3
89.9159663866,con,638,3
89.1666666667,con,677,3
89.2561983471,neutral,857,3
89.3442622951,con,1300,3
89.4308943089,con,648,3
88.7096774194,con,828,3
88.8,inc,1214,3
88.8888888889,neutral,892,3
88.9763779528,con,725,3
89.0625,con,539,3
89.1472868217,con,768,3
89.2307692308,con,489,3
89.3129770992,con,659,3
89.3939393939,con,972,3
89.4736842105,con,695,3
89.552238806,con,996,3
89.6296296296,con,932,3
89.7058823529,con,630,3
89.7810218978,con,737,3
89.8550724638,con,847,3
89.928057554,con,778,3
90,con,1165,3
90.0709219858,neutral,1055,3
90.1408450704,con,731,3
90.2097902098,con,1361,3
90.2777777778,inc,961,3
90.3448275862,con,822,3
89.7260273973,neutral,813,3
89.7959183673,inc,1369,3
89.8648648649,con,954,3
89.932885906,con,686,3
90,con,1037,3
90.0662251656,con,1126,3
90.1315789474,inc,1741,3
90.1960784314,con,773,3
90.2597402597,con,813,3
90.3225806452,inc,1444,3
90.3846153846,con,748,3
90.4458598726,con,693,3
90.5063291139,con,747,3
90.5660377358,con,627,3
90.625,con,854,3
90.7407407407,inc,1505,3
90.7975460123,inc,989,3
90.8536585366,inc,807,3
90.9090909091,inc,1355,3
90.9638554217,inc,1226,3
91.0179640719,inc,965,3
91.0714285714,inc,1043,3
91.124260355,inc,1492,3
91.1764705882,con,1107,3
91.2280701754,inc,1227,3
91.2790697674,inc,920,3
91.3294797688,inc,981,3
91.3793103448,inc,1312,3
91.4285714286,con,738,3
91.4772727273,inc,1042,3
91.5254237288,neutral,1084,3
91.5730337079,neutral,1025,3
91.6201117318,inc,993,3
91.6666666667,neutral,936,3
91.7127071823,inc,887,3
91.7582417582,inc,1230,3
91.8032786885,inc,1164,3
91.847826087,inc,1168,3
91.8918918919,neutral,873,3
91.935483871,inc,1092,3
91.9786096257,inc,867,3
92.0212765957,inc,805,3
92.0634920635,inc,746,3
92.1052631579,inc,674,3
92.1465968586,inc,890,3
91.6666666667,inc,563,3
91.7098445596,inc,1341,3
91.7525773196,inc,1001,3
91.7948717949,inc,724,3
91.8367346939,inc,1051,3
91.8781725888,inc,1082,3
91.9191919192,inc,1001,3
91.959798995,con,684,3
92,inc,1215,3
92.039800995,inc,1465,3
92.0792079208,inc,984,3
92.118226601,inc,852,3
92.1568627451,neutral,1102,3
92.1951219512,inc,873,3
92.2330097087,inc,470,3
92.270531401,inc,873,3
92.3076923077,neutral,794,3
92.3444976077,inc,822,3
92.380952381,con,935,3
92.4170616114,inc,1054,3
92.4528301887,inc,593,3
92.4882629108,inc,664,3
92.523364486,inc,956,3
92.5581395349,inc,1600,3
92.5925925926,inc,1494,3
92.6267281106,inc,749,3
92.6605504587,neutral,873,3
92.6940639269,inc,1208,3
92.7272727273,inc,858,3
92.7601809955,neutral,797,3
92.7927927928,inc,1056,3
92.8251121076,inc,797,3
92.8571428571,inc,687,3
92.8888888889,con,595,3
92.9203539823,inc,846,3
92.9515418502,inc,886,3
92.9824561404,inc,1066,3
93.0131004367,inc,1603,3
93.0434782609,inc,1101,3
92.6406926407,inc,819,3
92.6724137931,inc,702,3
92.7038626609,inc,1168,3
92.735042735,inc,1198,3
92.7659574468,neutral,969,3
92.7966101695,con,806,3
92.4050632911,inc,2000,3
92.4369747899,con,758,3
92.4686192469,inc,1301,3
92.5,inc,1291,3
92.531120332,inc,720,3
92.5619834711,inc,1184,3
92.5925925926,inc,582,3
92.6229508197,inc,971,3
92.6530612245,inc,853,3
92.6829268293,inc,916,3
92.7125506073,inc,779,3
92.7419354839,inc,1374,3
92.7710843373,inc,1404,3
92.8,inc,1026,3
92.828685259,inc,1608,3
92.8571428571,inc,1341,3
92.8853754941,inc,787,3
92.9133858268,inc,793,3
92.5490196078,inc,965,3
92.578125,inc,1267,3
92.6070038911,con,1918,3
92.6356589147,con,579,3
92.6640926641,inc,573,3
92.6923076923,neutral,618,3
92.7203065134,inc,774,3
92.7480916031,inc,1568,3
92.3954372624,inc,1122,3
92.4242424242,inc,988,3
92.4528301887,inc,719,3
92.4812030075,con,690,3
92.1348314607,inc,653,3
92.1641791045,inc,1945,3
92.1933085502,inc,883,3
92.2222222222,inc,829,3
92.2509225092,inc,842,3
92.2794117647,inc,957,3
92.3076923077,inc,775,3
91.9708029197,con,1274,3
92,inc,839,3
92.0289855072,inc,1041,3
92.0577617329,neutral,964,3
91.726618705,inc,2000,3
91.7562724014,neutral,1681,3
91.7857142857,con,700,3
91.8149466192,inc,1185,3
75,inc,1605,4
80,neutral,1373,4
66.6666666667,inc,1010,4
57.1428571429,inc,1111,4
62.5,con,1632,4
66.6666666667,con,764,4
70,neutral,1734,4
72.7272727273,neutral,760,4
75,inc,1278,4
76.9230769231,neutral,1112,4
78.5714285714,neutral,997,4
80,inc,916,4
81.25,neutral,1013,4
82.3529411765,inc,1205,4
83.3333333333,neutral,1459,4
78.9473684211,con,2000,4
80,neutral,957,4
80.9523809524,con,760,4
81.8181818182,con,730,4
82.6086956522,con,694,4
83.3333333333,con,716,4
80,inc,753,4
80.7692307692,con,1010,4
81.4814814815,con,599,4
82.1428571429,neutral,1017,4
82.7586206897,inc,665,4
80,neutral,1072,4
80.6451612903,con,794,4
78.125,inc,1539,4
78.7878787879,con,768,4
76.4705882353,inc,1757,4
77.1428571429,inc,928,4
77.7777777778,neutral,1769,4
78.3783783784,inc,868,4
76.3157894737,con,1087,4
74.358974359,neutral,868,4
73.1707317073,inc,806,4
71.4285714286,con,1133,4
69.7674418605,inc,1063,4
70.4545454545,inc,554,4
68.8888888889,con,968,4
67.3913043478,inc,826,4
65.9574468085,neutral,819,4
64.5833333333,inc,1258,4
63.2653061224,neutral,1061,4
64,inc,1255,4
64.7058823529,con,1069,4
63.4615384615,inc,2000,4
62.2641509434,neutral,1542,4
61.1111111111,inc,2000,4
61.8181818182,inc,1386,4
62.5,neutral,1340,4
61.4035087719,inc,1581,4
62.0689655172,neutral,1911,4
62.7118644068,con,608,4
63.3333333333,inc,631,4
63.9344262295,inc,792,4
64.5161290323,inc,644,4
65.0793650794,inc,889,4
65.625,inc,973,4
66.1538461538,inc,1732,4
65.1515151515,inc,1266,4
64.1791044776,inc,2000,4
64.7058823529,inc,1386,4
65.2173913043,inc,753,4
65.7142857143,inc,736,4
66.1971830986,inc,1828,4
65.2777777778,inc,1019,4
64.3835616438,inc,1492,4
64.8648648649,inc,1207,4
65.3333333333,neutral,1515,4
64.4736842105,inc,2000,4
63.6363636364,inc,1698,4
64.1025641026,inc,1563,4
64.5569620253,inc,1052,4
65,inc,697,4
65.4320987654,inc,867,4
64.6341463415,inc,966,4
65.0602409639,inc,1009,4
64.2857142857,neutral,2000,4
64.7058823529,inc,1473,4
65.1162790698,inc,1003,4
65.5172413793,inc,1100,4
65.9090909091,inc,1366,4
66.2921348315,inc,915,4
66.6666666667,inc,833,4
67.032967033,inc,1584,4
67.3913043478,inc,926,4
67.7419354839,inc,913,4
68.085106383,con,815,4
68.4210526316,inc,1234,4
68.75,inc,801,4
69.0721649485,inc,892,4
68.3673469388,inc,2000,4
68.6868686869,inc,919,4
69,inc,666,4
69.3069306931,inc,504,4
69.6078431373,inc,940,4
69.9029126214,inc,1313,4
70.1923076923,inc,1027,4
70.4761904762,inc,602,4
70.7547169811,inc,909,4
71.0280373832,neutral,1222,4
71.2962962963,inc,591,4
71.5596330275,inc,656,4
71.8181818182,neutral,931,4
72.0720720721,inc,1040,4
72.3214285714,con,565,4
72.5663716814,inc,499,4
72.8070175439,inc,896,4
73.0434782609,inc,1154,4
73.275862069,con,1104,4
72.6495726496,inc,821,4
72.0338983051,inc,1056,4
72.268907563,inc,526,4
71.6666666667,inc,1021,4
71.9008264463,inc,813,4
72.131147541,inc,703,4
72.3577235772,inc,824,4
72.5806451613,inc,970,4
72.8,inc,673,4
72.2222222222,inc,1486,4
72.4409448819,inc,947,4
72.65625,inc,1276,4
72.0930232558,inc,772,4
71.5384615385,con,1076,4
71.7557251908,neutral,878,4
71.9696969697,inc,1122,4
72.1804511278,inc,1925,4
72.3880597015,inc,816,4
72.5925925926,inc,1071,4
72.7941176471,inc,1150,4
72.9927007299,inc,1046,4
73.1884057971,inc,1569,4
73.381294964,inc,1162,4
73.5714285714,neutral,1097,4
73.7588652482,inc,796,4
73.2394366197,inc,2000,4
73.4265734266,con,538,4
73.6111111111,inc,813,4
73.7931034483,inc,1727,4
73.9726027397,con,1003,4
74.1496598639,inc,1164,4
73.6486486486,inc,810,4
73.1543624161,inc,1274,4
73.3333333333,inc,707,4
72.8476821192,inc,1344,4
73.0263157895,con,669,4
73.2026143791,inc,1609,4
73.3766233766,inc,1026,4
73.5483870968,inc,1394,4
73.7179487179,inc,677,4
73.8853503185,inc,589,4
74.0506329114,con,1062,4
74.213836478,inc,478,4
74.375,neutral,884,4
74.0740740741,con,2000,4
74.2331288344,con,1133,4
74.3902439024,neutral,1067,4
74.5454545455,con,551,4
74.6987951807,con,749,4
74.8502994012,con,502,4
75,inc,1131,4
75.1479289941,con,634,4
75.2941176471,con,802,4
75.4385964912,con,1261,4
75.5813953488,con,1157,4
75.7225433526,con,722,4
75.2873563218,con,1082,4
75.4285714286,con,859,4
75.5681818182,con,661,4
75.7062146893,con,1215,4
75.8426966292,con,757,4
75.9776536313,inc,868,4
75.5555555556,con,713,4
75.6906077348,con,1018,4
75.8241758242,con,731,4
75.956284153,con,623,4
76.0869565217,con,876,4
76.2162162162,neutral,849,4
76.3440860215,con,713,4
76.4705882353,con,544,4
76.5957446809,con,603,4
76.7195767196,neutral,764,4
76.8421052632,inc,1253,4
76.9633507853,con,1799,4
77.0833333333,con,995,4
77.2020725389,con,838,4
77.3195876289,con,1078,4
77.4358974359,con,1447,4
77.5510204082,con,934,4
77.6649746193,con,498,4
77.7777777778,con,905,4
77.8894472362,con,1500,4
78,con,852,4
78.1094527363,con,1012,4
78.2178217822,inc,678,4
78.3251231527,con,838,4
78.431372549,neutral,830,4
78.5365853659,con,697,4
78.640776699,inc,961,4
78.7439613527,con,1253,4
78.8461538462,con,593,4
78.9473684211,con,864,4
79.0476190476,con,810,4
79.1469194313,con,772,4
79.2452830189,con,822,4
79.3427230047,inc,1234,4
79.4392523364,inc,766,4
79.5348837209,con,774,4
79.6296296296,con,652,4
79.7235023041,con,951,4
79.8165137615,con,418,4
79.9086757991,con,396,4
80,con,413,4
80.0904977376,neutral,819,4
80.1801801802,con,977,4
80.269058296,inc,1189,4
80.3571428571,con,1015,4
80.4444444444,con,829,4
80.5309734513,con,1706,4
80.6167400881,con,942,4
80.701754386,con,980,4
80.7860262009,neutral,1493,4
80.8695652174,inc,1097,4
80.9523809524,con,1118,4
81.0344827586,con,1226,4
81.1158798283,con,1053,4
81.1965811966,con,1054,4
81.2765957447,con,740,4
81.3559322034,con,511,4
81.4345991561,con,970,4
81.512605042,con,850,4
81.1715481172,neutral,888,4
81.25,con,854,4
81.3278008299,neutral,980,4
81.4049586777,con,1160,4
81.4814814815,con,591,4
81.5573770492,con,601,4
81.6326530612,con,1244,4
81.7073170732,con,1323,4
81.7813765182,con,1190,4
81.8548387097,con,535,4
81.9277108434,con,512,4
82,con,889,4
82.0717131474,con,574,4
82.1428571429,con,1039,4
82.2134387352,neutral,1098,4
82.2834645669,con,844,4
82.3529411765,neutral,922,4
82.421875,con,806,4
82.4902723735,con,1103,4
82.1705426357,con,1472,4
82.2393822394,con,536,4
81.9230769231,inc,1343,4
81.9923371648,inc,1159,4
82.0610687023,con,660,4
82.1292775665,con,792,4
82.196969697,con,561,4
82.2641509434,con,552,4
82.3308270677,con,1288,4
82.3970037453,con,864,4
82.4626865672,con,896,4
82.5278810409,con,760,4
82.5925925926,con,968,4
82.6568265683,con,1332,4
82.7205882353,con,1563,4
82.7838827839,con,706,4
82.8467153285,con,625,4
82.9090909091,con,817,4
82.9710144928,inc,1239,4
83.0324909747,con,601,4
83.0935251799,neutral,1033,4
83.1541218638,con,1709,4
82.8571428571,neutral,913,4
82.9181494662,con,1265,4
100,neutral,1222,5
100,neutral,676,5
100,inc,537,5
100,neutral,630,5
100,inc,564,5
100,con,612,5
100,inc,614,5
100,con,980,5
100,con,718,5
100,con,562,5
100,con,798,5
100,con,952,5
100,neutral,547,5
100,neutral,1108,5
94.4444444444,inc,733,5
94.7368421053,neutral,798,5
95,con,977,5
95.2380952381,inc,610,5
95.4545454545,inc,517,5
95.652173913,inc,709,5
95.8333333333,inc,781,5
96,neutral,834,5
96.1538461538,con,1557,5
96.2962962963,neutral,1073,5
96.4285714286,con,628,5
96.5517241379,inc,1061,5
96.6666666667,neutral,1138,5
96.7741935484,con,845,5
96.875,neutral,590,5
96.9696969697,neutral,669,5
94.1176470588,inc,1391,5
94.2857142857,con,1403,5
91.6666666667,neutral,1029,5
91.8918918919,inc,847,5
92.1052631579,con,709,5
92.3076923077,inc,1732,5
92.6829268293,con,1216,5
92.8571428571,inc,674,5
93.023255814,con,895,5
93.1818181818,con,931,5
93.3333333333,con,955,5
93.4782608696,con,618,5
93.6170212766,con,821,5
93.75,con,1097,5
93.8775510204,con,1061,5
94,con,1125,5
94.1176470588,con,806,5
94.2307692308,con,787,5
94.3396226415,con,524,5
94.4444444444,con,716,5
94.5454545455,con,662,5
94.6428571429,con,1150,5
94.7368421053,con,465,5
94.8275862069,con,478,5
94.9152542373,con,678,5
95,con,522,5
95.0819672131,con,824,5
95.1612903226,con,706,5
95.2380952381,con,894,5
95.3125,con,604,5
95.3846153846,con,492,5
95.4545454545,con,653,5
94.0298507463,inc,725,5
94.1176470588,con,712,5
94.2028985507,con,655,5
94.2857142857,con,591,5
94.3661971831,con,916,5
94.4444444444,con,865,5
94.5205479452,con,778,5
94.5945945946,con,1214,5
94.6666666667,con,681,5
93.4210526316,inc,957,5
93.5064935065,con,775,5
93.5897435897,con,680,5
93.6708860759,con,665,5
93.75,con,819,5
93.8271604938,con,515,5
93.9024390244,con,675,5
93.9759036145,neutral,1262,5
94.0476190476,con,794,5
94.1176470588,con,841,5
94.1860465116,con,577,5
94.2528735632,inc,1497,5
94.3181818182,con,681,5
94.3820224719,con,671,5
94.4444444444,con,680,5
94.5054945055,con,648,5
94.5652173913,con,919,5
94.623655914,con,1050,5
94.6808510638,con,620,5
94.7368421053,con,712,5
94.7916666667,neutral,669,5
94.8453608247,neutral,766,5
94.8979591837,con,683,5
94.9494949495,con,879,5
95,con,710,5
95.0495049505,con,706,5
95.0980392157,con,623,5
95.145631068,con,754,5
95.1923076923,con,834,5
95.2380952381,neutral,643,5
95.2830188679,con,751,5
95.3271028037,con,489,5
95.3703703704,neutral,522,5
95.4128440367,con,686,5
95.4545454545,con,669,5
95.4954954955,neutral,690,5
95.5357142857,con,555,5
95.5752212389,inc,837,5
95.6140350877,con,553,5
95.652173913,con,818,5
95.6896551724,con,625,5
95.7264957265,con,892,5
95.7627118644,con,650,5
95.7983193277,con,558,5
95.8333333333,inc,1145,5
95.867768595,inc,784,5
95.9016393443,con,646,5
95.9349593496,inc,788,5
95.9677419355,con,608,5
96,con,809,5
96.0317460317,neutral,568,5
96.062992126,con,840,5
96.09375,con,1134,5
95.3488372093,inc,763,5
95.3846153846,neutral,827,5
95.4198473282,con,1073,5
95.4545454545,con,529,5
95.4887218045,con,689,5
95.5223880597,neutral,1057,5
95.5555555556,neutral,761,5
95.5882352941,inc,763,5
95.6204379562,con,610,5
95.652173913,con,1525,5
95.6834532374,con,699,5
95.7142857143,con,681,5
95.7446808511,con,830,5
95.7746478873,con,721,5
95.8041958042,inc,955,5
95.8333333333,con,681,5
95.8620689655,con,677,5
95.8904109589,neutral,667,5
95.9183673469,inc,785,5
95.9459459459,con,771,5
95.9731543624,con,1332,5
96,con,662,5
96.0264900662,con,703,5
96.0526315789,neutral,1087,5
96.0784313725,con,687,5
96.1038961039,con,841,5
96.1290322581,con,845,5
96.1538461538,con,930,5
96.178343949,con,621,5
96.2025316456,con,743,5
96.2264150943,con,576,5
96.25,con,633,5
95.6790123457,inc,1100,5
95.7055214724,inc,1589,5
95.7317073171,inc,1333,5
95.7575757576,neutral,1184,5
95.7831325301,inc,761,5
95.8083832335,inc,803,5
95.8333333333,inc,804,5
95.8579881657,inc,1096,5
95.2941176471,inc,672,5
95.3216374269,inc,1185,5
95.3488372093,inc,938,5
95.3757225434,inc,492,5
95.4022988506,inc,471,5
95.4285714286,inc,776,5
95.4545454545,inc,548,5
95.4802259887,inc,1286,5
95.5056179775,inc,879,5
95.530726257,neutral,740,5
95.5555555556,inc,610,5
95.5801104972,inc,711,5
95.6043956044,inc,855,5
95.6284153005,inc,631,5
95.652173913,inc,972,5
95.1351351351,inc,1183,5
94.623655914,inc,1497,5
94.6524064171,inc,660,5
94.6808510638,inc,801,5
94.708994709,inc,1046,5
94.7368421053,inc,548,5
94.7643979058,inc,872,5
94.7916666667,inc,544,5
94.8186528497,inc,1028,5
94.8453608247,inc,587,5
94.8717948718,con,494,5
94.8979591837,neutral,955,5
94.923857868,inc,827,5
94.9494949495,inc,778,5
94.9748743719,inc,863,5
95,inc,617,5
95.0248756219,inc,1155,5
95.0495049505,inc,769,5
95.0738916256,con,720,5
95.0980392157,con,831,5
95.1219512195,inc,789,5
95.145631068,inc,561,5
95.1690821256,inc,807,5
95.1923076923,inc,757,5
94.7368421053,inc,696,5
94.7619047619,inc,882,5
94.7867298578,inc,1016,5
94.8113207547,inc,518,5
94.8356807512,neutral,627,5
94.8598130841,inc,795,5
94.8837209302,inc,1018,5
94.9074074074,con,797,5
94.930875576,neutral,1015,5
94.9541284404,inc,859,5
94.5205479452,inc,774,5
94.5454545455,con,928,5
94.5701357466,inc,953,5
94.5945945946,inc,799,5
94.6188340807,inc,536,5
94.6428571429,inc,1058,5
94.2222222222,inc,834,5
94.2477876106,inc,860,5
94.2731277533,con,1051,5
94.298245614,con,790,5
94.3231441048,con,1008,5
94.347826087,inc,864,5
94.3722943723,neutral,961,5
94.3965517241,inc,985,5
94.4206008584,inc,772,5
94.4444444444,inc,852,5
94.4680851064,inc,1114,5
94.4915254237,inc,811,5
94.5147679325,inc,648,5
94.5378151261,inc,815,5
94.5606694561,con,754,5
94.5833333333,inc,755,5
94.6058091286,inc,835,5
94.6280991736,inc,834,5
94.6502057613,inc,898,5
94.6721311475,inc,1193,5
94.693877551,inc,822,5
94.7154471545,inc,680,5
94.7368421053,inc,691,5
94.7580645161,inc,951,5
94.7791164659,inc,773,5
94.8,inc,758,5
94.8207171315,neutral,584,5
94.8412698413,inc,667,5
94.8616600791,inc,508,5
94.8818897638,con,536,5
94.9019607843,inc,780,5
94.921875,neutral,837,5
94.9416342412,con,748,5
94.9612403101,inc,582,5
94.9806949807,inc,1241,5
95,inc,771,5
95.0191570881,neutral,509,5
95.0381679389,inc,793,5
95.0570342205,inc,943,5
95.0757575758,inc,721,5
95.0943396226,inc,788,5
95.1127819549,inc,778,5
95.1310861423,inc,814,5
94.776119403,inc,785,5
94.7955390335,neutral,651,5
94.8148148148,inc,547,5
94.8339483395,neutral,662,5
94.8529411765,inc,796,5
94.8717948718,inc,869,5
94.8905109489,inc,721,5
94.5454545455,neutral,735,5
94.5652173913,inc,1644,5
94.5848375451,inc,799,5
94.6043165468,con,694,5
94.623655914,inc,553,5
94.6428571429,inc,815,5
94.6619217082,inc,812,5
75,neutral,2000,6
80,neutral,982,6
83.3333333333,inc,847,6
85.7142857143,con,893,6
87.5,con,735,6
88.8888888889,neutral,662,6
80,inc,2000,6
81.8181818182,inc,1349,6
83.3333333333,neutral,819,6
84.6153846154,con,663,6
85.7142857143,con,516,6
80,inc,1408,6
81.25,inc,885,6
82.3529411765,inc,1058,6
83.3333333333,inc,1314,6
84.2105263158,neutral,780,6
85,neutral,1021,6
85.7142857143,con,837,6
81.8181818182,neutral,950,6
82.6086956522,inc,1048,6
83.3333333333,con,776,6
80,neutral,981,6
80.7692307692,con,720,6
81.4814814815,neutral,958,6
82.1428571429,inc,805,6
82.7586206897,neutral,1077,6
83.3333333333,con,886,6
80.6451612903,con,1423,6
81.25,con,668,6
81.8181818182,inc,659,6
82.3529411765,neutral,1754,6
82.8571428571,con,1139,6
83.3333333333,neutral,858,6
83.7837837838,inc,846,6
84.2105263158,inc,937,6
84.6153846154,con,557,6
85.3658536585,con,684,6
85.7142857143,neutral,564,6
86.0465116279,inc,670,6
86.3636363636,con,659,6
86.6666666667,inc,616,6
86.9565217391,neutral,521,6
87.2340425532,inc,543,6
87.5,inc,762,6
87.7551020408,con,667,6
88,inc,931,6
88.2352941176,inc,754,6
88.4615384615,inc,650,6
88.679245283,inc,634,6
87.037037037,inc,941,6
87.2727272727,inc,1506,6
87.5,inc,721,6
87.7192982456,inc,782,6
87.9310344828,inc,918,6
88.1355932203,con,555,6
88.3333333333,inc,874,6
88.5245901639,inc,1280,6
88.7096774194,inc,1232,6
88.8888888889,inc,1006,6
89.0625,inc,1105,6
87.6923076923,inc,861,6
87.8787878788,inc,692,6
88.0597014925,inc,1024,6
88.2352941176,inc,805,6
86.9565217391,neutral,822,6
87.1428571429,inc,846,6
85.9154929577,inc,1297,6
86.1111111111,inc,1258,6
86.301369863,inc,711,6
86.4864864865,inc,916,6
86.6666666667,inc,1013,6
86.8421052632,inc,904,6
85.7142857143,inc,1211,6
85.8974358974,neutral,799,6
86.0759493671,inc,952,6
86.25,inc,842,6
86.4197530864,inc,850,6
86.5853658537,inc,1110,6
86.7469879518,con,675,6
86.9047619048,inc,728,6
87.0588235294,inc,837,6
87.2093023256,inc,487,6
87.3563218391,inc,624,6
87.5,inc,629,6
87.6404494382,inc,611,6
87.7777777778,inc,705,6
87.9120879121,inc,629,6
88.0434782609,inc,786,6
88.1720430108,inc,342,6
88.2978723404,inc,667,6
87.3684210526,inc,698,6
87.5,inc,1270,6
87.6288659794,inc,572,6
87.7551020408,inc,992,6
87.8787878788,inc,541,6
88,inc,469,6
88.1188118812,inc,963,6
88.2352941176,inc,1272,6
87.3786407767,inc,792,6
87.5,inc,1452,6
87.619047619,inc,920,6
86.7924528302,neutral,1000,6
86.9158878505,inc,903,6
86.1111111111,neutral,1127,6
86.2385321101,inc,1215,6
85.4545454545,inc,671,6
85.5855855856,inc,651,6
85.7142857143,con,1146,6
85.8407079646,inc,829,6
85.9649122807,inc,604,6
86.0869565217,inc,757,6
86.2068965517,inc,683,6
86.3247863248,neutral,494,6
86.4406779661,inc,1088,6
86.5546218487,inc,1134,6
86.6666666667,inc,699,6
86.7768595041,con,599,6
86.8852459016,inc,868,6
86.1788617886,inc,653,6
86.2903225806,inc,1808,6
86.4,inc,669,6
86.5079365079,inc,1014,6
86.6141732283,inc,1094,6
86.71875,inc,1021,6
86.8217054264,neutral,1540,6
86.9230769231,inc,1412,6
87.0229007634,inc,736,6
87.1212121212,inc,491,6
87.2180451128,inc,415,6
87.3134328358,neutral,798,6
87.4074074074,inc,413,6
87.5,inc,645,6
87.5912408759,neutral,492,6
87.6811594203,con,448,6
87.7697841727,inc,782,6
87.8571428571,inc,665,6
87.9432624113,inc,443,6
88.0281690141,inc,561,6
88.1118881119,inc,428,6
88.1944444444,inc,695,6
88.275862069,inc,801,6
88.3561643836,neutral,698,6
88.4353741497,con,934,6
88.5135135135,con,421,6
88.5906040268,inc,595,6
88.6666666667,inc,334,6
88.7417218543,neutral,670,6
88.8157894737,con,575,6
88.8888888889,inc,740,6
88.961038961,inc,790,6
89.0322580645,inc,687,6
89.1025641026,inc,648,6
89.1719745223,inc,883,6
89.2405063291,con,595,6
89.3081761006,inc,1093,6
89.375,inc,682,6
88.8888888889,con,2000,6
88.9570552147,con,651,6
89.0243902439,inc,596,6
88.4848484848,con,684,6
87.9518072289,inc,1043,6
87.4251497006,neutral,889,6
87.5,con,962,6
87.573964497,con,676,6
87.6470588235,inc,544,6
87.7192982456,con,806,6
87.7906976744,con,722,6
87.8612716763,con,979,6
87.9310344828,inc,725,6
88,con,566,6
88.0681818182,neutral,500,6
88.1355932203,inc,859,6
88.202247191,con,564,6
88.2681564246,con,683,6
88.3333333333,inc,713,6
88.3977900552,con,490,6
88.4615384615,con,834,6
88.5245901639,con,509,6
88.5869565217,con,555,6
88.6486486486,con,617,6
88.7096774194,neutral,1002,6
88.7700534759,con,588,6
88.829787234,con,610,6
88.8888888889,con,606,6
88.9473684211,inc,930,6
89.0052356021,con,1108,6
89.0625,con,787,6
89.1191709845,con,687,6
89.175257732,con,1233,6
89.2307692308,neutral,602,6
89.2857142857,con,840,6
89.3401015228,con,904,6
89.3939393939,con,559,6
89.4472361809,con,996,6
89.5,con,538,6
89.552238806,con,551,6
89.603960396,con,936,6
89.1625615764,inc,685,6
89.2156862745,con,612,6
89.2682926829,con,654,6
89.3203883495,con,742,6
89.3719806763,neutral,657,6
89.4230769231,con,566,6
89.4736842105,con,599,6
89.5238095238,con,641,6
89.0995260664,inc,547,6
89.1509433962,con,724,6
89.2018779343,con,1052,6
89.2523364486,con,544,6
89.3023255814,con,970,6
89.3518518519,inc,1244,6
89.400921659,con,609,6
89.4495412844,con,551,6
89.497716895,neutral,527,6
89.5454545455,con,566,6
89.592760181,con,742,6
89.6396396396,con,1177,6
89.6860986547,con,610,6
89.7321428571,neutral,1133,6
89.7777777778,con,1190,6
89.3805309735,con,981,6
89.4273127753,con,628,6
89.0350877193,con,1177,6
89.0829694323,con,625,6
89.1304347826,con,738,6
89.1774891775,con,1037,6
89.224137931,con,566,6
89.2703862661,con,480,6
89.3162393162,con,471,6
89.3617021277,con,808,6
89.406779661,con,1069,6
89.4514767932,con,450,6
89.4957983193,con,610,6
89.539748954,con,806,6
89.5833333333,con,583,6
89.6265560166,con,857,6
89.6694214876,con,713,6
89.7119341564,neutral,1434,6
89.7540983607,con,623,6
89.7959183673,con,455,6
89.837398374,con,500,6
89.8785425101,con,608,6
89.9193548387,con,563,6
89.5582329317,inc,792,6
89.6,con,715,6
89.6414342629,neutral,744,6
89.6825396825,neutral,885,6
89.7233201581,con,591,6
89.7637795276,con,608,6
89.8039215686,con,624,6
89.84375,con,632,6
89.8832684825,con,555,6
89.9224806202,con,1150,6
89.9613899614,con,430,6
90,neutral,505,6
90.0383141762,con,575,6
90.0763358779,con,642,6
90.1140684411,con,510,6
90.1515151515,con,728,6
90.1886792453,con,977,6
90.2255639098,con,822,6
89.8876404494,con,1192,6
89.9253731343,con,570,6
89.9628252788,con,605,6
90,con,613,6
90.036900369,con,545,6
90.0735294118,inc,823,6
90.1098901099,con,590,6
90.1459854015,neutral,762,6
90.1818181818,con,640,6
90.2173913043,con,572,6
90.2527075812,con,492,6
89.928057554,con,1093,6
89.9641577061,con,639,6
90,con,551,6
90.0355871886,con,578,6
75,con,579,0
60,inc,393,0
50,con,750,0
57.14285714,con,1006,0
62.5,inc,790,0
66.66666667,inc,661,0
60,neutral,570,0
63.63636364,con,887,0
66.66666667,con,561,0
69.23076923,inc,620,0
71.42857143,neutral,597,0
73.33333333,neutral,802,0
75,neutral,644,0
76.47058824,con,458,0
77.77777778,con,375,0
78.94736842,neutral,537,0
80,inc,722,0
76.19047619,con,675,0
77.27272727,inc,1318,0
78.26086957,inc,784,0
79.16666667,con,594,0
76,con,582,0
76.92307692,inc,644,0
77.77777778,neutral,522,0
75,neutral,682,0
75.86206897,inc,704,0
76.66666667,neutral,563,0
77.41935484,neutral,526,0
78.125,con,550,0
78.78787879,neutral,775,0
79.41176471,inc,643,0
80,inc,667,0
80.55555556,con,526,0
81.08108108,neutral,395,0
78.94736842,neutral,780,0
79.48717949,inc,395,0
80.48780488,con,672,0
80.95238095,inc,628,0
81.39534884,inc,596,0
81.81818182,inc,532,0
80,inc,578,0
80.43478261,con,468,0
80.85106383,inc,719,0
81.25,inc,586,0
81.63265306,inc,698,0
82,inc,799,0
82.35294118,inc,593,0
82.69230769,inc,633,0
83.01886792,inc,608,0
83.33333333,inc,688,0
83.63636364,inc,764,0
83.92857143,inc,1015,0
84.21052632,inc,436,0
84.48275862,neutral,420,0
83.05084746,inc,559,0
83.33333333,con,582,0
83.60655738,inc,835,0
83.87096774,inc,569,0
84.12698413,inc,469,0
84.375,inc,740,0
84.61538462,inc,847,0
84.84848485,inc,1145,0
85.07462687,inc,687,0
85.29411765,inc,615,0
85.50724638,neutral,862,0
85.71428571,inc,1001,0
85.91549296,inc,422,0
86.11111111,inc,817,0
86.30136986,inc,426,0
86.48648649,inc,884,0
86.66666667,inc,547,0
86.84210526,inc,652,0
87.01298701,inc,417,0
85.8974359,inc,843,0
86.07594937,inc,438,0
86.25,con,436,0
86.41975309,inc,722,0
86.58536585,inc,665,0
86.74698795,inc,692,0
85.71428571,neutral,620,0
85.88235294,neutral,1704,0
86.04651163,neutral,605,0
86.20689655,neutral,972,0
86.36363636,inc,625,0
86.51685393,neutral,521,0
86.66666667,inc,568,0
86.81318681,neutral,692,0
86.95652174,neutral,896,0
87.09677419,inc,615,0
87.23404255,inc,549,0
87.36842105,inc,679,0
87.5,inc,456,0
87.62886598,inc,584,0
87.75510204,inc,601,0
87.87878788,inc,701,0
87,inc,599,0
87.12871287,inc,424,0
86.2745098,inc,2000,0
86.40776699,inc,1052,0
86.53846154,neutral,669,0
86.66666667,inc,622,0
86.79245283,inc,639,0
86.91588785,inc,1081,0
87.03703704,con,654,0
87.1559633,inc,401,0
87.27272727,inc,526,0
87.38738739,inc,435,0
87.5,con,558,0
86.72566372,con,532,0
86.84210526,neutral,750,0
86.08695652,con,653,0
86.20689655,inc,766,0
86.32478632,inc,374,0
86.44067797,inc,813,0
85.71428571,con,1090,0
85,inc,847,0
85.12396694,inc,403,0
85.24590164,inc,692,0
85.36585366,inc,535,0
85.48387097,inc,520,0
84.8,inc,863,0
84.92063492,con,672,0
84.2519685,inc,789,0
84.375,inc,624,0
83.72093023,inc,670,0
83.07692308,inc,567,0
83.20610687,inc,933,0
82.57575758,inc,776,0
82.70676692,inc,591,0
82.8358209,inc,737,0
82.96296296,inc,573,0
83.08823529,inc,868,0
83.21167883,inc,419,0
82.60869565,inc,587,0
82.73381295,inc,666,0
82.85714286,inc,1152,0
82.9787234,inc,593,0
83.09859155,inc,1113,0
83.21678322,inc,694,0
83.33333333,inc,571,0
83.44827586,neutral,1084,0
83.56164384,con,508,0
83.67346939,inc,485,0
83.10810811,inc,680,0
83.22147651,inc,749,0
83.33333333,inc,536,0
83.44370861,con,891,0
83.55263158,inc,643,0
83.66013072,inc,505,0
83.76623377,inc,547,0
83.87096774,inc,623,0
83.97435897,inc,861,0
84.07643312,inc,815,0
84.17721519,inc,627,0
84.27672956,inc,482,0
83.75,inc,387,0
83.95061728,con,834,0
84.04907975,con,524,0
84.14634146,con,837,0
84.24242424,neutral,476,0
84.3373494,inc,639,0
84.43113772,con,418,0
84.52380952,con,426,0
84.02366864,con,465,0
84.11764706,neutral,599,0
84.21052632,con,618,0
84.30232558,con,538,0
84.39306358,con,559,0
84.48275862,con,818,0
84.57142857,con,640,0
84.65909091,con,584,0
84.74576271,con,628,0
84.83146067,con,430,0
84.91620112,neutral,408,0
84.44444444,inc,563,0
83.97790055,con,760,0
84.06593407,con,907,0
84.15300546,con,490,0
84.23913043,con,656,0
84.32432432,con,454,0
84.40860215,con,505,0
84.49197861,con,563,0
84.57446809,neutral,490,0
84.65608466,con,756,0
84.73684211,con,481,0
84.81675393,con,699,0
84.89583333,con,476,0
84.97409326,inc,742,0
85.05154639,con,518,0
85.12820513,con,406,0
85.20408163,con,365,0
85.27918782,neutral,659,0
84.84848485,con,695,0
84.42211055,con,655,0
84.5,con,1020,0
84.57711443,con,680,0
84.65346535,con,572,0
84.72906404,con,806,0
84.80392157,inc,422,0
84.87804878,con,612,0
84.95145631,con,421,0
85.02415459,neutral,729,0
85.09615385,neutral,671,0
85.16746411,con,418,0
85.23809524,con,670,0
85.30805687,con,712,0
85.37735849,con,896,0
85.44600939,con,585,0
85.51401869,con,467,0
85.58139535,con,773,0
85.64814815,con,751,0
85.25345622,neutral,878,0
84.86238532,con,829,0
84.47488584,inc,674,0
84.54545455,con,706,0
84.61538462,con,658,0
84.68468468,con,559,0
84.75336323,con,583,0
84.82142857,con,388,0
84.88888889,con,441,0
84.95575221,neutral,798,0
85.02202643,inc,490,0
85.0877193,inc,375,0
85.15283843,con,420,0
85.2173913,con,866,0
85.28138528,con,682,0
85.34482759,con,515,0
85.40772532,con,402,0
85.47008547,con,653,0
85.53191489,con,660,0
85.59322034,con,757,0
85.65400844,inc,472,0
85.71428571,con,521,0
85.77405858,con,673,0
85.41666667,con,456,0
85.47717842,con,568,0
85.53719008,neutral,702,0
85.59670782,con,377,0
85.6557377,inc,488,0
85.71428571,con,694,0
85.36585366,con,480,0
85.42510121,con,858,0
85.48387097,con,509,0
85.54216867,con,640,0
85.2,con,607,0
85.25896414,con,601,0
85.31746032,con,533,0
85.37549407,con,424,0
85.43307087,con,601,0
85.49019608,con,627,0
85.546875,con,529,0
85.60311284,neutral,740,0
85.65891473,con,622,0
85.71428571,con,492,0
85.76923077,con,502,0
85.82375479,con,495,0
85.8778626,con,484,0
85.93155894,con,441,0
85.98484848,con,566,0
85.66037736,con,623,0
85.71428571,con,744,0
85.76779026,con,595,0
85.82089552,neutral,713,0
85.87360595,con,580,0
85.92592593,inc,805,0
85.97785978,con,370,0
86.02941176,inc,443,0
86.08058608,con,707,0
85.76642336,con,455,0
85.81818182,con,437,0
85.86956522,con,565,0
85.55956679,con,654,0
85.25179856,inc,656,0
85.3046595,con,836,0
85.35714286,con,1152,0
85.40925267,con,832,0
100,inc,1865,9
100,con,755,9
100,inc,963,9
100,inc,1016,9
100,con,690,9
100,inc,1478,9
100,con,941,9
100,con,1278,9
100,inc,860,9
100,con,711,9
100,neutral,866,9
100,neutral,966,9
100,inc,676,9
100,con,664,9
100,neutral,592,9
100,neutral,626,9
100,inc,685,9
100,con,758,9
100,neutral,1015,9
100,neutral,904,9
95.8333333333,neutral,760,9
96,con,721,9
96.1538461538,con,925,9
96.2962962963,neutral,900,9
96.4285714286,inc,1082,9
96.5517241379,inc,1223,9
96.6666666667,inc,698,9
96.7741935484,neutral,674,9
93.75,con,930,9
93.9393939394,neutral,895,9
94.1176470588,neutral,1682,9
94.2857142857,inc,739,9
94.4444444444,inc,1201,9
94.5945945946,con,663,9
94.7368421053,con,737,9
94.8717948718,neutral,733,9
95.1219512195,inc,1628,9
95.2380952381,inc,622,9
95.3488372093,inc,711,9
95.4545454545,inc,672,9
95.5555555556,inc,648,9
95.652173913,inc,518,9
95.7446808511,inc,653,9
95.8333333333,con,693,9
95.9183673469,inc,645,9
96,neutral,470,9
96.0784313725,inc,693,9
96.1538461538,inc,1183,9
96.2264150943,inc,846,9
96.2962962963,inc,940,9
96.3636363636,inc,1040,9
96.4285714286,inc,934,9
96.4912280702,inc,614,9
96.5517241379,inc,1150,9
96.6101694915,inc,524,9
96.6666666667,inc,1036,9
96.7213114754,inc,716,9
96.7741935484,inc,559,9
96.8253968254,inc,877,9
96.875,con,1232,9
96.9230769231,neutral,835,9
96.9696969697,inc,1134,9
97.0149253731,neutral,770,9
97.0588235294,inc,742,9
95.652173913,inc,543,9
95.7142857143,inc,1380,9
95.7746478873,inc,1170,9
95.8333333333,inc,568,9
95.8904109589,inc,568,9
95.9459459459,inc,748,9
96,con,973,9
96.0526315789,inc,659,9
96.1038961039,inc,519,9
96.1538461538,inc,566,9
96.2025316456,inc,578,9
95,con,897,9
93.8271604938,inc,679,9
93.9024390244,inc,628,9
93.9759036145,inc,653,9
94.0476190476,con,478,9
94.1176470588,inc,564,9
94.1860465116,con,610,9
94.2528735632,inc,698,9
94.3181818182,inc,509,9
94.3820224719,inc,566,9
94.4444444444,inc,886,9
94.5054945055,con,565,9
93.4782608696,inc,1651,9
93.5483870968,inc,587,9
93.6170212766,inc,753,9
93.6842105263,neutral,557,9
93.75,inc,919,9
92.7835051546,neutral,854,9
92.8571428571,inc,1423,9
92.9292929293,inc,1158,9
93,inc,644,9
93.0693069307,inc,1114,9
93.137254902,inc,749,9
93.2038834951,inc,687,9
93.2692307692,con,857,9
93.3333333333,inc,1185,9
93.3962264151,inc,666,9
92.523364486,inc,610,9
92.5925925926,con,574,9
92.6605504587,inc,700,9
92.7272727273,con,678,9
92.7927927928,inc,633,9
91.9642857143,inc,1265,9
92.0353982301,inc,945,9
91.2280701754,inc,1082,9
90.4347826087,inc,1401,9
90.5172413793,inc,1306,9
90.5982905983,inc,566,9
89.8305084746,inc,1653,9
89.9159663866,inc,1001,9
90,inc,1930,9
90.0826446281,neutral,1226,9
90.1639344262,inc,906,9
90.243902439,inc,1075,9
89.5161290323,inc,2000,9
89.6,neutral,577,9
89.6825396825,inc,594,9
89.7637795276,inc,772,9
89.84375,inc,738,9
89.9224806202,inc,735,9
90,con,587,9
90.0763358779,inc,897,9
90.1515151515,inc,878,9
89.4736842105,inc,690,9
88.8059701493,inc,1904,9
88.1481481481,con,505,9
88.2352941176,inc,1118,9
87.5912408759,inc,1423,9
86.9565217391,inc,716,9
86.3309352518,inc,918,9
86.4285714286,inc,567,9
86.524822695,inc,734,9
86.6197183099,inc,1092,9
86.7132867133,inc,795,9
86.8055555556,inc,535,9
86.8965517241,neutral,489,9
86.9863013699,inc,1082,9
87.074829932,inc,882,9
87.1621621622,inc,655,9
87.2483221477,inc,458,9
87.3333333333,inc,1358,9
87.417218543,inc,1083,9
87.5,neutral,428,9
87.5816993464,inc,1030,9
87.6623376623,neutral,923,9
87.0967741935,inc,915,9
87.1794871795,inc,724,9
87.2611464968,neutral,767,9
87.3417721519,neutral,584,9
87.4213836478,inc,987,9
87.5,inc,1055,9
87.6543209877,neutral,766,9
87.7300613497,con,526,9
87.8048780488,con,986,9
87.8787878788,inc,601,9
87.9518072289,con,551,9
88.0239520958,con,789,9
88.0952380952,con,568,9
88.1656804734,neutral,751,9
88.2352941176,con,701,9
88.3040935673,con,657,9
88.3720930233,con,457,9
87.8612716763,con,618,9
87.9310344828,con,455,9
87.4285714286,inc,765,9
87.5,con,631,9
87.5706214689,inc,936,9
87.6404494382,con,500,9
87.7094972067,con,1458,9
87.7777777778,con,510,9
87.8453038674,inc,751,9
87.9120879121,inc,520,9
87.9781420765,con,632,9
87.5,con,740,9
87.5675675676,con,705,9
87.6344086022,con,604,9
87.7005347594,con,556,9
87.7659574468,con,787,9
87.3015873016,con,1197,9
87.3684210526,con,573,9
87.4345549738,inc,716,9
87.5,con,719,9
87.5647668394,con,563,9
87.6288659794,con,747,9
87.6923076923,con,607,9
87.7551020408,con,613,9
87.8172588832,con,647,9
87.8787878788,neutral,508,9
87.4371859296,neutral,626,9
87.5,con,631,9
87.0646766169,con,953,9
87.1287128713,con,1024,9
87.1921182266,con,682,9
87.2549019608,con,625,9
87.3170731707,con,616,9
87.3786407767,con,725,9
87.4396135266,con,715,9
87.5,con,488,9
87.5598086124,neutral,948,9
87.619047619,con,498,9
87.6777251185,con,748,9
87.7358490566,con,610,9
87.79342723,con,725,9
87.8504672897,con,618,9
87.9069767442,con,613,9
87.962962963,con,492,9
88.0184331797,con,566,9
88.0733944954,con,450,9
88.1278538813,con,541,9
88.1818181818,neutral,646,9
87.7828054299,con,578,9
87.3873873874,con,524,9
87.4439461883,con,570,9
87.5,con,654,9
87.5555555556,neutral,612,9
87.610619469,con,517,9
87.6651982379,con,625,9
87.7192982456,con,652,9
87.7729257642,con,1245,9
87.8260869565,con,626,9
87.8787878788,con,668,9
87.9310344828,neutral,705,9
87.982832618,neutral,629,9
87.6068376068,neutral,933,9
87.6595744681,inc,726,9
87.7118644068,con,609,9
87.7637130802,con,529,9
87.8151260504,con,568,9
87.8661087866,con,489,9
87.9166666667,con,490,9
87.9668049793,inc,747,9
88.0165289256,con,534,9
88.0658436214,con,656,9
88.1147540984,con,698,9
88.1632653061,con,507,9
88.2113821138,con,686,9
88.2591093117,con,485,9
88.3064516129,inc,949,9
88.3534136546,con,819,9
88.4,con,557,9
88.4462151394,con,591,9
88.4920634921,con,543,9
88.5375494071,con,709,9
88.5826771654,con,1664,9
88.2352941176,inc,697,9
88.28125,con,706,9
87.9377431907,con,772,9
87.984496124,con,645,9
88.0308880309,inc,892,9
88.0769230769,con,574,9
87.7394636015,con,436,9
87.786259542,con,1093,9
87.8326996198,con,557,9
87.8787878788,neutral,527,9
87.9245283019,con,500,9
87.969924812,con,767,9
88.0149812734,con,664,9
88.0597014925,con,722,9
88.1040892193,con,710,9
88.1481481481,con,583,9
88.1918819188,inc,682,9
88.2352941176,con,580,9
88.2783882784,con,526,9
88.3211678832,con,458,9
88.3636363636,con,700,9
88.4057971014,con,575,9
88.4476534296,con,534,9
88.4892086331,con,566,9
88.5304659498,con,688,9
88.5714285714,neutral,688,9
88.6120996441,con,617,9
